-- phpMyAdmin SQL Dump
-- version 5.1.2
-- https://www.phpmyadmin.net/
--
-- Host: localhost:8889
-- Generation Time: Apr 16, 2025 at 04:31 PM
-- Server version: 5.7.24
-- PHP Version: 7.4.16

SET SQL_MODE = "NO_AUTO_VALUE_ON_ZERO";
START TRANSACTION;
SET time_zone = "+00:00";


/*!40101 SET @OLD_CHARACTER_SET_CLIENT=@@CHARACTER_SET_CLIENT */;
/*!40101 SET @OLD_CHARACTER_SET_RESULTS=@@CHARACTER_SET_RESULTS */;
/*!40101 SET @OLD_COLLATION_CONNECTION=@@COLLATION_CONNECTION */;
/*!40101 SET NAMES utf8mb4 */;

--
-- Database: `uniport`
--

-- --------------------------------------------------------

--
-- Table structure for table `admins`
--

CREATE TABLE `admins` (
  `admin_id` int(11) NOT NULL,
  `aId` varchar(255) NOT NULL,
  `lastName` varchar(255) NOT NULL,
  `firstName` varchar(255) NOT NULL,
  `email` varchar(355) NOT NULL,
  `password` varchar(255) NOT NULL
) ENGINE=InnoDB DEFAULT CHARSET=utf8;

--
-- Dumping data for table `admins`
--

INSERT INTO `admins` (`admin_id`, `aId`, `lastName`, `firstName`, `email`, `password`) VALUES
(1, 'AD123', 'Gallagher', 'Rory', 'rory@gallagherguitar.com', 'bluesrock'),
(2, 'AD888', 'Hendrix', 'Jimmy', 'jimh@guitar.fuzz', 'electric');

-- --------------------------------------------------------

--
-- Table structure for table `aos_messages`
--

CREATE TABLE `aos_messages` (
  `aos_message_id` int(11) NOT NULL,
  `student_id` int(11) NOT NULL,
  `message` text NOT NULL,
  `date` datetime NOT NULL DEFAULT CURRENT_TIMESTAMP
) ENGINE=InnoDB DEFAULT CHARSET=utf8;

--
-- Dumping data for table `aos_messages`
--

INSERT INTO `aos_messages` (`aos_message_id`, `student_id`, `message`, `date`) VALUES
(2, 1, 'Another message here. You never replied!', '2025-03-30 02:32:52'),
(3, 1, 'Hello Advisor,\r\n\r\nI need help with my progression stats.\r\n\r\nThanks,\r\nWorried student', '2025-03-31 21:45:36'),
(4, 1, 'Hi, can we chat?', '2025-03-31 22:06:11'),
(5, 1, 'First message test from details/ summary layout', '2025-04-04 22:34:58'),
(6, 1, 'Late night message\r\n', '2025-04-04 23:26:14'),
(7, 10, 'This is Hannah. I need help with my progression information. Please get in touch. Thanks', '2025-04-08 20:53:51'),
(8, 4, 'Hi this is Justin, please help me', '2025-04-09 11:21:38'),
(9, 1, 'Hi this is Ryan.\r\n\r\nPlease advise me on my grades. Looking forward to hearing from you.\r\n\r\nKind regards', '2025-04-12 19:20:04'),
(10, 2, 'Help, I didn\'t progress', '2025-04-15 13:45:58'),
(11, 1, 'Test message using API\r\n\r\nhellllllllllllllllllo', '2025-04-15 21:21:51'),
(12, 2, 'Hi,\r\n\r\nI want to ask about my average grade and progression decision.\r\n\r\nThanks', '2025-04-15 21:24:01'),
(13, 81, 'Hi,\r\n\r\nMy name is Justin and I have a question about my progression.\r\n\r\nGooooddddbyyyyyyyyyyyeeeeeeeeee', '2025-04-16 00:18:16'),
(14, 1, 'So glad to monitor my academic progression. Thanks!', '2025-04-16 00:52:36'),
(15, 1, 'Hi!!!!!!!!!!!', '2025-04-16 01:02:50');

-- --------------------------------------------------------

--
-- Table structure for table `enrolments`
--

CREATE TABLE `enrolments` (
  `enrolment_id` int(11) NOT NULL,
  `module_id` int(11) DEFAULT NULL,
  `student_id` int(11) DEFAULT NULL,
  `acad_Yr` varchar(255) DEFAULT NULL,
  `firstGrade` int(11) DEFAULT NULL,
  `gradeResult` varchar(255) DEFAULT NULL,
  `resitGrade` varchar(255) DEFAULT NULL,
  `resitResult` varchar(255) DEFAULT NULL
) ENGINE=InnoDB DEFAULT CHARSET=utf8;

--
-- Dumping data for table `enrolments`
--

INSERT INTO `enrolments` (`enrolment_id`, `module_id`, `student_id`, `acad_Yr`, `firstGrade`, `gradeResult`, `resitGrade`, `resitResult`) VALUES
(1, 1, 1, 'AY2022_23', 0, 'excused', '58', 'pass capped'),
(2, 2, 1, 'AY2022_23', 41, 'pass', '', ''),
(3, 3, 1, 'AY2022_23', 22, 'fail', '80', 'pass capped'),
(4, 4, 1, 'AY2022_23', 56, 'pass', '', ''),
(5, 5, 1, 'AY2022_23', 64, 'pass', '', ''),
(6, 6, 1, 'AY2022_23', 31, 'fail', '59', 'pass capped'),
(7, 7, 1, 'AY2023_24', 56, 'pass', '', ''),
(8, 8, 1, 'AY2023_24', 21, 'fail', '48', 'pass capped'),
(9, 9, 1, 'AY2023_24', 65, 'pass', '', ''),
(10, 10, 1, 'AY2023_24', 32, 'fail', '0', 'excused'),
(11, 11, 1, 'AY2023_24', 68, 'pass', '', ''),
(12, 1, 2, 'AY2020_21', 47, 'pass', '', ''),
(13, 12, 2, 'AY2020_21', 68, 'pass', '', ''),
(14, 2, 2, 'AY2020_21', 65, 'pass', '', ''),
(15, 13, 2, 'AY2020_21', 42, 'pass', '', ''),
(16, 4, 2, 'AY2020_21', 57, 'pass', '', ''),
(17, 6, 2, 'AY2020_21', 62, 'pass', '', ''),
(18, 7, 2, 'AY2021_22', 40, 'pass', '', ''),
(19, 8, 2, 'AY2021_22', 54, 'pass', '', ''),
(20, 9, 2, 'AY2021_22', 0, 'excused', '', ''),
(21, 10, 2, 'AY2021_22', 0, 'absent', '', ''),
(22, 11, 2, 'AY2021_22', 52, 'pass', '', ''),
(23, 9, 2, 'AY2023_24', 50, 'pass', '', ''),
(24, 10, 2, 'AY2023_24', 58, 'pass capped', '', ''),
(25, 14, 3, 'AY2021_22', 57, 'pass', '', ''),
(26, 15, 3, 'AY2021_22', 61, 'pass', '', ''),
(27, 16, 3, 'AY2022_23', 64, 'pass', '', ''),
(28, 17, 3, 'AY2022_23', 57, 'pass', '', ''),
(29, 18, 3, 'AY2022_23', 61, 'pass', '', ''),
(30, 19, 3, 'AY21_22', 70, 'pass', '', ''),
(31, 1, 3, 'AY2021_22', 66, 'pass', '', ''),
(32, 20, 3, 'AY2021_22', 67, 'pass', '', ''),
(33, 21, 3, 'AY2022_23', 63, 'pass', '', ''),
(34, 22, 3, 'AY2022_23', 37, 'fail', '51', 'pass capped'),
(35, 11, 3, 'AY2022_23', 65, 'pass', '', ''),
(36, 14, 4, 'AY2023_24', 37, 'fail', '52', 'pass capped'),
(37, 15, 4, 'AY2023_24', 60, 'pass', '', ''),
(38, 19, 4, 'AY23_24', 48, 'pass', '', ''),
(39, 1, 4, 'AY2023_24', 54, 'pass', '', ''),
(40, 20, 4, 'AY2023_24', 47, 'pass', '', ''),
(41, 23, 5, 'AY22_23', 19, 'fail', '', ''),
(42, 24, 5, 'AY22_23', 28, 'fail', '', ''),
(43, 25, 5, 'AY22_23', 29, 'fail', '', ''),
(44, 26, 5, 'AY22_23', 28, 'fail', '', ''),
(45, 23, 5, 'AY21_22', 19, 'fail', '0', 'excused'),
(46, 24, 5, 'AY21_22', 29, 'fail', '0', 'excused'),
(47, 25, 5, 'AY21_22', 22, 'fail', '0', 'excused'),
(48, 26, 5, 'AY21_22', 24, 'fail', '0', 'excused'),
(49, 27, 5, 'AY21_22', 46, 'pass', '', ''),
(50, 28, 5, 'AY21_22', 72, 'pass', '', ''),
(51, 14, 5, 'AY2023_24', 73, 'pass', '', ''),
(52, 15, 5, 'AY2023_24', 54, 'pass', '', ''),
(53, 29, 5, 'AY2023_24', 45, 'pass', '', ''),
(54, 1, 5, 'AY2023_24', 53, 'pass', '', ''),
(55, 20, 5, 'AY2023_24', 78, 'pass', '', ''),
(56, 1, 6, 'AY2022_23', 65, 'pass', '', ''),
(57, 12, 6, 'AY2022_23', 57, 'pass', '', ''),
(58, 2, 6, 'AY2022_23', 79, 'pass', '', ''),
(59, 13, 6, 'AY2022_23', 50, 'pass', '', ''),
(60, 4, 6, 'AY2022_23', 0, 'excused', '62', 'pass'),
(61, 6, 6, 'AY2022_23', 64, 'pass', '', ''),
(62, 8, 6, 'AY2023_24', 57, 'pass', '', ''),
(63, 9, 6, 'AY2023_24', 46, 'pass', '', ''),
(64, 10, 6, 'AY2023_24', 30, 'fail', '32', 'fail'),
(65, 30, 6, 'AY2023_24', 83, 'pass', '', ''),
(66, 11, 6, 'AY2023_24', 67, 'pass', '', ''),
(67, 1, 7, 'AY2023_24', 78, 'pass', '', ''),
(68, 2, 7, 'AY2023_24', 91, 'pass', '', ''),
(69, 3, 7, 'AY2023_24', 85, 'pass', '', ''),
(70, 5, 7, 'AY2023_24', 72, 'pass', '', ''),
(71, 31, 7, 'AY2023_24', 80, 'pass', '', ''),
(72, 6, 7, 'AY2023_24', 88, 'pass', '', ''),
(73, 1, 8, 'AY2022_23', 62, 'pass', '', ''),
(74, 2, 8, 'AY2022_23', 64, 'pass', '', ''),
(75, 3, 8, 'AY2022_23', 78, 'pass', '', ''),
(76, 5, 8, 'AY2022_23', 77, 'pass', '', ''),
(77, 31, 8, 'AY2022_23', 54, 'pass', '', ''),
(78, 6, 8, 'AY2022_23', 64, 'pass', '', ''),
(79, 7, 8, 'AY2023_24', 63, 'pass', '', ''),
(80, 8, 8, 'AY2023_24', 67, 'pass', '', ''),
(81, 9, 8, 'AY2023_24', 0, 'excused', '0', 'absent'),
(82, 10, 8, 'AY2023_24', 57, 'pass', '', ''),
(83, 11, 8, 'AY2023_24', 63, 'pass', '', ''),
(84, 1, 9, 'AY2021_22', 61, 'pass', '', ''),
(85, 12, 9, 'AY2021_22', 57, 'pass', '', ''),
(86, 2, 9, 'AY2021_22', 65, 'pass', '', ''),
(87, 13, 9, 'AY2021_22', 42, 'pass', '', ''),
(88, 4, 9, 'AY2021_22', 56, 'pass', '', ''),
(89, 6, 9, 'AY2021_22', 66, 'pass', '', ''),
(90, 8, 9, 'AY2022_23', 63, 'pass', '', ''),
(91, 9, 9, 'AY2022_23', 25, 'fail', '35', 'fail'),
(92, 10, 9, 'AY2022_23', 31, 'fail', '50', 'pass capped'),
(93, 30, 9, 'AY2022_23', 48, 'pass', '', ''),
(94, 11, 9, 'AY2022_23', 71, 'pass', '', ''),
(95, 1, 10, 'AY2022_23', 80, 'pass', '', ''),
(96, 2, 10, 'AY2022_23', 68, 'pass', '', ''),
(97, 3, 10, 'AY2022_23', 75, 'pass', '', ''),
(98, 5, 10, 'AY2022_23', 80, 'pass', '', ''),
(99, 31, 10, 'AY2022_23', 65, 'pass', '', ''),
(100, 6, 10, 'AY2022_23', 82, 'pass', '', ''),
(101, 8, 10, 'AY2023_24', 80, 'pass', '', ''),
(102, 9, 10, 'AY2023_24', 76, 'pass', '', ''),
(103, 10, 10, 'AY2023_24', 70, 'pass', '', ''),
(104, 30, 10, 'AY2023_24', 78, 'pass', '', ''),
(105, 11, 10, 'AY2023_24', 76, 'pass', '', ''),
(106, 7, 11, 'AY2022_23', 86, 'pass', '', ''),
(107, 8, 11, 'AY2022_23', 65, 'pass', '', ''),
(108, 9, 11, 'AY2022_23', 61, 'pass', '', ''),
(109, 10, 11, 'AY2022_23', 91, 'pass', '', ''),
(110, 11, 11, 'AY2022_23', 77, 'pass', '', ''),
(111, 1, 12, 'AY2021_22', 66, 'pass', '', ''),
(112, 12, 12, 'AY2021_22', 66, 'pass', '', ''),
(113, 2, 12, 'AY2021_22', 55, 'pass', '', ''),
(114, 13, 12, 'AY2021_22', 60, 'pass', '', ''),
(115, 4, 12, 'AY2021_22', 56, 'pass', '', ''),
(116, 6, 12, 'AY2021_22', 66, 'pass', '', ''),
(117, 8, 12, 'AY2022_23', 53, 'pass', '', ''),
(118, 9, 12, 'AY2022_23', 0, 'absent', '0', 'excused'),
(119, 10, 12, 'AY2022_23', 48, 'pass', '', ''),
(120, 30, 12, 'AY2022_23', 0, 'excused', '24', 'fail'),
(121, 11, 12, 'AY2022_23', 82, 'pass', '', ''),
(122, 9, 12, 'AY2023_24', 60, 'pass capped', '', ''),
(123, 30, 12, 'AY2023_24', 53, 'pass capped', '', ''),
(124, 1, 13, 'AY2023_24', 76, 'pass', '', ''),
(125, 12, 13, 'AY2023_24', 61, 'pass', '', ''),
(126, 2, 13, 'AY2023_24', 76, 'pass', '', ''),
(127, 13, 13, 'AY2023_24', 80, 'pass', '', ''),
(128, 31, 13, 'AY2023_24', 83, 'pass', '', ''),
(129, 6, 13, 'AY2023_24', 70, 'pass', '', ''),
(130, 32, 14, 'AY20_21', 37, 'fail', '56', 'pass capped'),
(131, 33, 14, 'AY20_21', 42, 'pass', '', ''),
(132, 34, 14, 'AY20_21', 45, 'pass', '', ''),
(133, 35, 14, 'AY21_22', 0, 'pass', '', ''),
(134, 12, 14, 'AY2020_21', 65, 'pass', '', ''),
(135, 13, 14, 'AY2020_21', 52, 'pass', '', ''),
(136, 36, 14, 'AY21_22', 43, 'pass', '', ''),
(137, 7, 14, 'AY2021_22', 67, 'pass', '', ''),
(138, 9, 14, 'AY2021_22', 46, 'pass', '', ''),
(139, 30, 14, 'AY2021_22', 0, 'absent', '0', 'fail'),
(140, 1, 14, 'AY2022_23', 82, 'pass', '', ''),
(141, 2, 14, 'AY2022_23', 93, 'pass', '', ''),
(142, 31, 14, 'AY2022_23', 87, 'pass', '', ''),
(143, 6, 14, 'AY2022_23', 93, 'pass', '', ''),
(144, 8, 14, 'AY2023_24', 73, 'pass', '', ''),
(145, 10, 14, 'AY2023_24', 82, 'pass', '', ''),
(146, 37, 14, 'AY21_22', 13, 'fail', '', ''),
(147, 38, 14, 'AY21_22', 61, 'pass', '', ''),
(148, 39, 14, 'AY20_21', 75, 'pass', '', ''),
(149, 11, 14, 'AY2023_24', 80, 'pass', '', ''),
(150, 1, 15, 'AY2020_21', 60, 'pass', '', ''),
(151, 12, 15, 'AY2020_21', 65, 'pass', '', ''),
(152, 2, 15, 'AY2020_21', 69, 'pass', '', ''),
(153, 13, 15, 'AY2020_21', 38, 'fail', '64', 'pass capped'),
(154, 4, 15, 'AY2020_21', 51, 'pass', '', ''),
(155, 6, 15, 'AY2020_21', 56, 'pass', '', ''),
(156, 7, 15, 'AY2021_22', 35, 'fail', '0', 'excused'),
(157, 8, 15, 'AY2021_22', 54, 'pass', '', ''),
(158, 9, 15, 'AY2021_22', 33, 'fail', '0', 'excused'),
(159, 10, 15, 'AY2021_22', 31, 'fail', '0', 'excused'),
(160, 11, 15, 'AY2021_22', 81, 'pass', '', ''),
(161, 7, 15, 'AY2022_23', 51, 'pass capped', '', ''),
(162, 9, 15, 'AY2022_23', 0, 'excused', '36', 'fail'),
(163, 10, 15, 'AY2022_23', 63, 'pass capped', '', ''),
(164, 12, 16, 'AY2020_21', 74, 'pass', '', ''),
(165, 2, 16, 'AY2020_21', 59, 'pass', '', ''),
(166, 6, 16, 'AY2020_21', 43, 'pass', '', ''),
(167, 1, 16, 'AY2021_22', 66, 'pass', '', ''),
(168, 13, 16, 'AY2021_22', 60, 'pass', '', ''),
(169, 4, 16, 'AY2021_22', 50, 'pass', '', ''),
(170, 7, 16, 'AY2022_23', 0, 'excused', '0', 'excused'),
(171, 8, 16, 'AY2022_23', 43, 'pass', '', ''),
(172, 9, 16, 'AY2022_23', 0, 'excused', '0', 'excused'),
(173, 10, 16, 'AY2022_23', 0, 'excused', '0', 'excused'),
(174, 11, 16, 'AY2022_23', 77, 'pass', '', ''),
(175, 14, 17, 'AY2022_23', 51, 'pass', '', ''),
(176, 15, 17, 'AY2022_23', 61, 'pass', '', ''),
(177, 40, 17, 'AY2023_24', 52, 'pass', '', ''),
(178, 18, 17, 'AY2023_24', 0, 'absent', '0', 'absent'),
(179, 41, 17, 'AY2023_24', 0, 'absent', '0', 'absent'),
(180, 1, 17, 'AY2022_23', 28, 'fail', '0', 'absent'),
(181, 19, 17, 'AY22_23', 40, 'pass', '', ''),
(182, 20, 17, 'AY2022_23', 9, 'fail', '47', 'pass capped'),
(183, 1, 17, 'AY2023_24', 16, 'fail', '0', 'absent'),
(184, 21, 17, 'AY2023_24', 0, 'absent', '0', 'absent'),
(185, 22, 17, 'AY2023_24', 4, 'fail', '0', 'absent'),
(186, 11, 17, 'AY2023_24', 4, 'fail', '0', 'absent'),
(187, 14, 18, 'AY2022_23', 35, 'fail', '36', 'fail'),
(188, 15, 18, 'AY2022_23', 64, 'pass', '', ''),
(189, 29, 18, 'AY2022_23', 27, 'fail', '58', 'pass capped'),
(190, 14, 18, 'AY2023_24', 45, 'pass capped', '', ''),
(191, 1, 18, 'AY2022_23', 4, 'fail', '13', 'fail'),
(192, 20, 18, 'AY2022_23', 62, 'pass', '', ''),
(193, 1, 18, 'AY2023_24', 15, 'fail', '0', 'absent'),
(194, 1, 19, 'AY2021_22', 74, 'pass', '', ''),
(195, 2, 19, 'AY2021_22', 64, 'pass', '', ''),
(196, 3, 19, 'AY2021_22', 54, 'pass', '', ''),
(197, 4, 19, 'AY2021_22', 58, 'pass', '', ''),
(198, 5, 19, 'AY2021_22', 52, 'pass', '', ''),
(199, 6, 19, 'AY2021_22', 54, 'pass', '', ''),
(200, 8, 19, 'AY2022_23', 62, 'pass', '', ''),
(201, 9, 19, 'AY2022_23', 27, 'fail', '46', 'pass capped'),
(202, 10, 19, 'AY2022_23', 60, 'pass', '', ''),
(203, 30, 19, 'AY2022_23', 19, 'fail', '0', 'absent'),
(204, 11, 19, 'AY2022_23', 77, 'pass', '', ''),
(205, 14, 20, 'AY2023_24', 52, 'pass', '', ''),
(206, 15, 20, 'AY2023_24', 65, 'pass', '', ''),
(207, 19, 20, 'AY23_24', 64, 'pass', '', ''),
(208, 1, 20, 'AY2023_24', 46, 'pass', '', ''),
(209, 20, 20, 'AY2023_24', 50, 'pass', '', ''),
(210, 1, 21, 'AY2021_22', 58, 'pass', '', ''),
(211, 12, 21, 'AY2021_22', 64, 'pass', '', ''),
(212, 2, 21, 'AY2021_22', 46, 'pass', '', ''),
(213, 13, 21, 'AY2021_22', 52, 'pass', '', ''),
(214, 4, 21, 'AY2021_22', 58, 'pass', '', ''),
(215, 6, 21, 'AY2021_22', 45, 'pass', '', ''),
(216, 8, 21, 'AY2022_23', 50, 'pass', '', ''),
(217, 9, 21, 'AY2022_23', 2, 'fail', '0', 'excused'),
(218, 10, 21, 'AY2022_23', 36, 'fail', '0', 'excused'),
(219, 30, 21, 'AY2022_23', 30, 'fail', '42', 'pass capped'),
(220, 11, 21, 'AY2022_23', 64, 'pass', '', ''),
(221, 14, 22, 'AY2023_24', 50, 'pass', '', ''),
(222, 15, 22, 'AY2023_24', 61, 'pass', '', ''),
(223, 29, 22, 'AY2023_24', 60, 'pass', '', ''),
(224, 1, 22, 'AY2023_24', 41, 'pass', '', ''),
(225, 20, 22, 'AY2023_24', 43, 'pass', '', ''),
(226, 1, 23, 'AY2022_23', 37, 'fail', '25', 'fail'),
(227, 12, 23, 'AY2022_23', 56, 'pass', '', ''),
(228, 2, 23, 'AY2022_23', 58, 'pass', '', ''),
(229, 13, 23, 'AY2022_23', 35, 'fail', '67', 'pass capped'),
(230, 5, 23, 'AY2022_23', 58, 'pass', '', ''),
(231, 6, 23, 'AY2022_23', 42, 'pass', '', ''),
(232, 1, 23, 'AY2023_24', 26, 'fail', '0', 'excused'),
(233, 8, 23, 'AY2023_24', 17, 'fail', '0', 'fail'),
(234, 9, 23, 'AY2023_24', 40, 'pass', '', ''),
(235, 10, 23, 'AY2023_24', 12, 'fail', '26', 'fail'),
(236, 30, 23, 'AY2023_24', 66, 'pass', '', ''),
(237, 11, 23, 'AY2023_24', 63, 'pass', '', ''),
(238, 1, 24, 'AY2022_23', 54, 'pass', '', ''),
(239, 12, 24, 'AY2022_23', 50, 'pass', '', ''),
(240, 2, 24, 'AY2022_23', 46, 'pass', '', ''),
(241, 13, 24, 'AY2022_23', 44, 'pass', '', ''),
(242, 31, 24, 'AY2022_23', 66, 'pass', '', ''),
(243, 6, 24, 'AY2022_23', 28, 'fail', '57', 'pass capped'),
(244, 42, 24, 'AY2023_24', 58, 'pass', '', ''),
(245, 43, 24, 'AY2023_24', 75, 'pass', '', ''),
(246, 44, 24, 'AY2023_24', 70, 'pass', '', ''),
(247, 21, 24, 'AY2023_24', 65, 'pass', '', ''),
(248, 30, 24, 'AY2023_24', 67, 'pass', '', ''),
(249, 11, 24, 'AY2023_24', 68, 'pass', '', ''),
(250, 1, 25, 'AY2020_21', 52, 'pass', '', ''),
(251, 12, 25, 'AY2020_21', 68, 'pass', '', ''),
(252, 2, 25, 'AY2020_21', 77, 'pass', '', ''),
(253, 13, 25, 'AY2020_21', 31, 'fail', '0', 'absent'),
(254, 4, 25, 'AY2020_21', 64, 'pass', '', ''),
(255, 6, 25, 'AY2020_21', 43, 'pass', '', ''),
(256, 13, 25, 'AY2021_22', 18, 'fail', '62', 'pass capped'),
(257, 7, 25, 'AY2021_22', 29, 'fail', '53', 'pass capped'),
(258, 8, 25, 'AY2021_22', 67, 'pass', '', ''),
(259, 9, 25, 'AY2021_22', 22, 'fail', '41', 'pass capped'),
(260, 10, 25, 'AY2021_22', 37, 'fail', '40', 'pass capped'),
(261, 11, 25, 'AY2021_22', 70, 'pass', '', ''),
(262, 1, 26, 'AY2021_22', 77, 'pass', '', ''),
(263, 2, 26, 'AY2021_22', 86, 'pass', '', ''),
(264, 3, 26, 'AY2021_22', 68, 'pass', '', ''),
(265, 4, 26, 'AY2021_22', 87, 'pass', '', ''),
(266, 5, 26, 'AY2021_22', 71, 'pass', '', ''),
(267, 6, 26, 'AY2021_22', 72, 'pass', '', ''),
(268, 7, 26, 'AY2022_23', 81, 'pass', '', ''),
(269, 8, 26, 'AY2022_23', 51, 'pass', '', ''),
(270, 9, 26, 'AY2022_23', 55, 'pass', '', ''),
(271, 10, 26, 'AY2022_23', 79, 'pass', '', ''),
(272, 11, 26, 'AY2022_23', 75, 'pass', '', ''),
(273, 14, 27, 'AY2020_21', 52, 'pass', '', ''),
(274, 15, 27, 'AY2020_21', 51, 'pass', '', ''),
(275, 29, 27, 'AY2020_21', 41, 'pass', '', ''),
(276, 16, 27, 'AY2021_22', 0, 'absent', '0', 'absent'),
(277, 40, 27, 'AY2021_22', 43, 'pass', '', ''),
(278, 18, 27, 'AY2021_22', 0, 'absent', '0', 'absent'),
(279, 16, 27, 'AY2022_23', 58, 'pass', '', ''),
(280, 18, 27, 'AY2022_23', 56, 'pass', '', ''),
(281, 1, 27, 'AY2020_21', 54, 'pass', '', ''),
(282, 20, 27, 'AY2020_21', 28, 'fail', '42', 'pass capped'),
(283, 21, 27, 'AY2021_22', 42, 'pass', '', ''),
(284, 22, 27, 'AY2021_22', 0, 'fail', '0', 'fail'),
(285, 11, 27, 'AY2021_22', 57, 'pass', '', ''),
(286, 22, 27, 'AY2022_23', 0, 'absent', '0', 'absent'),
(287, 1, 28, 'AY2022_23', 63, 'pass', '', ''),
(288, 2, 28, 'AY2022_23', 70, 'pass', '', ''),
(289, 3, 28, 'AY2022_23', 68, 'pass', '', ''),
(290, 5, 28, 'AY2022_23', 58, 'pass', '', ''),
(291, 31, 28, 'AY2022_23', 74, 'pass', '', ''),
(292, 6, 28, 'AY2022_23', 65, 'pass', '', ''),
(293, 7, 28, 'AY2023_24', 63, 'pass', '', ''),
(294, 8, 28, 'AY2023_24', 62, 'pass', '', ''),
(295, 9, 28, 'AY2023_24', 71, 'pass', '', ''),
(296, 10, 28, 'AY2023_24', 60, 'pass', '', ''),
(297, 11, 28, 'AY2023_24', 59, 'pass', '', ''),
(298, 1, 29, 'AY2023_24', 75, 'pass', '', ''),
(299, 12, 29, 'AY2023_24', 0, 'excused', '77', 'pass'),
(300, 2, 29, 'AY2023_24', 69, 'pass', '', ''),
(301, 13, 29, 'AY2023_24', 75, 'pass', '', ''),
(302, 31, 29, 'AY2023_24', 86, 'pass', '', ''),
(303, 6, 29, 'AY2023_24', 40, 'pass', '', ''),
(304, 8, 30, 'AY2023_24', 58, 'pass', '', ''),
(305, 9, 30, 'AY2023_24', 89, 'pass', '', ''),
(306, 10, 30, 'AY2023_24', 87, 'pass', '', ''),
(307, 30, 30, 'AY2023_24', 79, 'pass', '', ''),
(308, 11, 30, 'AY2023_24', 61, 'pass', '', ''),
(309, 1, 31, 'AY2021_22', 48, 'pass', '', ''),
(310, 12, 31, 'AY2021_22', 56, 'pass', '', ''),
(311, 2, 31, 'AY2021_22', 51, 'pass', '', ''),
(312, 13, 31, 'AY2021_22', 0, 'excused', '35', 'fail'),
(313, 4, 31, 'AY2021_22', 66, 'pass', '', ''),
(314, 6, 31, 'AY2021_22', 67, 'pass', '', ''),
(315, 9, 31, 'AY2022_23', 0, 'excused', '', ''),
(316, 11, 31, 'AY2022_23', 95, 'pass', '', ''),
(317, 13, 31, 'AY2023_24', 0, 'absent', '0', 'absent'),
(318, 7, 31, 'AY2023_24', 0, 'excused', '0', 'absent'),
(319, 8, 31, 'AY2023_24', 18, 'fail', '0', 'absent'),
(320, 9, 31, 'AY2023_24', 0, 'excused', '0', 'absent'),
(321, 10, 31, 'AY2023_24', 0, 'absent', '0', 'absent'),
(322, 14, 32, 'AY2021_22', 60, 'pass', '', ''),
(323, 15, 32, 'AY2021_22', 63, 'pass', '', ''),
(324, 29, 32, 'AY2021_22', 62, 'pass', '', ''),
(325, 16, 32, 'AY2022_23', 64, 'pass', '', ''),
(326, 17, 32, 'AY2022_23', 57, 'pass', '', ''),
(327, 18, 32, 'AY2022_23', 51, 'pass', '', ''),
(328, 1, 32, 'AY2021_22', 63, 'pass', '', ''),
(329, 20, 32, 'AY2021_22', 49, 'pass', '', ''),
(330, 21, 32, 'AY2022_23', 50, 'pass', '', ''),
(331, 22, 32, 'AY2022_23', 66, 'pass', '', ''),
(332, 11, 32, 'AY2022_23', 71, 'pass', '', ''),
(333, 1, 33, 'AY2021_22', 0, 'absent', '', ''),
(334, 12, 33, 'AY2021_22', 72, 'pass', '', ''),
(335, 2, 33, 'AY2021_22', 72, 'pass', '', ''),
(336, 13, 33, 'AY2021_22', 0, 'excused', '', ''),
(337, 4, 33, 'AY2021_22', 0, 'excused', '', ''),
(338, 6, 33, 'AY2021_22', 60, 'pass', '', ''),
(339, 1, 33, 'AY2022_23', 64, 'pass capped', '', ''),
(340, 13, 33, 'AY2022_23', 82, 'pass', '', ''),
(341, 31, 33, 'AY2022_23', 49, 'pass', '', ''),
(342, 7, 33, 'AY2023_24', 0, 'absent', '0', 'absent'),
(343, 8, 33, 'AY2023_24', 21, 'fail', '0', 'absent'),
(344, 9, 33, 'AY2023_24', 24, 'fail', '0', 'absent'),
(345, 10, 33, 'AY2023_24', 0, 'absent', '0', 'absent'),
(346, 11, 33, 'AY2023_24', 68, 'pass', '', ''),
(347, 12, 34, 'AY2021_22', 96, 'pass', '', ''),
(348, 13, 34, 'AY2021_22', 44, 'pass', '', ''),
(349, 1, 34, 'AY2022_23', 37, 'fail', '44', 'pass capped'),
(350, 2, 34, 'AY2022_23', 57, 'pass', '', ''),
(351, 4, 34, 'AY2022_23', 11, 'fail', '47', 'pass capped'),
(352, 6, 34, 'AY2022_23', 47, 'pass', '', ''),
(353, 8, 34, 'AY2023_24', 73, 'pass', '', ''),
(354, 9, 34, 'AY2023_24', 73, 'pass', '', ''),
(355, 10, 34, 'AY2023_24', 55, 'pass', '', ''),
(356, 11, 34, 'AY2023_24', 47, 'pass', '', ''),
(357, 45, 34, 'AY2023_24', 37, 'fail', '73', 'pass capped'),
(358, 1, 35, 'AY2021_22', 66, 'pass', '', ''),
(359, 12, 35, 'AY2021_22', 58, 'pass', '', ''),
(360, 2, 35, 'AY2021_22', 75, 'pass', '', ''),
(361, 13, 35, 'AY2021_22', 36, 'fail', '60', 'pass capped'),
(362, 5, 35, 'AY2021_22', 47, 'pass', '', ''),
(363, 6, 35, 'AY2021_22', 53, 'pass', '', ''),
(364, 7, 35, 'AY2022_23', 44, 'pass', '', ''),
(365, 8, 35, 'AY2022_23', 63, 'pass', '', ''),
(366, 9, 35, 'AY2022_23', 26, 'fail', '41', 'pass capped'),
(367, 10, 35, 'AY2022_23', 47, 'pass', '', ''),
(368, 11, 35, 'AY2022_23', 67, 'pass', '', ''),
(369, 1, 36, 'AY2021_22', 61, 'pass', '', ''),
(370, 12, 36, 'AY2021_22', 70, 'pass', '', ''),
(371, 2, 36, 'AY2021_22', 64, 'pass', '', ''),
(372, 13, 36, 'AY2021_22', 42, 'pass', '', ''),
(373, 4, 36, 'AY2021_22', 42, 'pass', '', ''),
(374, 7, 36, 'AY2023_24', 35, 'fail', '42', 'pass capped'),
(375, 8, 36, 'AY2023_24', 54, 'pass', '', ''),
(376, 9, 36, 'AY2023_24', 31, 'fail', '27', 'fail'),
(377, 10, 36, 'AY2023_24', 30, 'fail', '0', 'excused'),
(378, 11, 36, 'AY2023_24', 54, 'pass', '', ''),
(379, 1, 37, 'AY2022_23', 75, 'pass', '', ''),
(380, 2, 37, 'AY2022_23', 75, 'pass', '', ''),
(381, 3, 37, 'AY2022_23', 83, 'pass', '', ''),
(382, 5, 37, 'AY2022_23', 79, 'pass', '', ''),
(383, 31, 37, 'AY2022_23', 74, 'pass', '', ''),
(384, 6, 37, 'AY2022_23', 85, 'pass', '', ''),
(385, 8, 37, 'AY2023_24', 62, 'pass', '', ''),
(386, 9, 37, 'AY2023_24', 96, 'pass', '', ''),
(387, 10, 37, 'AY2023_24', 78, 'pass', '', ''),
(388, 30, 37, 'AY2023_24', 79, 'pass', '', ''),
(389, 11, 37, 'AY2023_24', 78, 'pass', '', ''),
(390, 1, 38, 'AY2022_23', 0, 'excused', '62', 'pass'),
(391, 2, 38, 'AY2022_23', 40, 'pass', '', ''),
(392, 3, 38, 'AY2022_23', 31, 'fail', '83', 'pass capped'),
(393, 4, 38, 'AY2022_23', 60, 'pass', '', ''),
(394, 31, 38, 'AY2022_23', 57, 'pass', '', ''),
(395, 6, 38, 'AY2022_23', 53, 'pass', '', ''),
(396, 8, 38, 'AY2023_24', 55, 'pass', '', ''),
(397, 9, 38, 'AY2023_24', 62, 'pass', '', ''),
(398, 10, 38, 'AY2023_24', 66, 'pass', '', ''),
(399, 30, 38, 'AY2023_24', 81, 'pass', '', ''),
(400, 11, 38, 'AY2023_24', 50, 'pass', '', ''),
(401, 46, 39, 'AY20_21', 44, 'pass', '', ''),
(402, 47, 39, 'AY20_21', 59, 'pass', '', ''),
(403, 48, 39, 'AY21_22', 0, 'absent', '0', 'absent'),
(404, 48, 39, 'AY20_21', 30, 'fail', '0', 'absent'),
(405, 49, 39, 'AY21_22', 52, 'pass', '', ''),
(406, 50, 39, 'AY21_22', 42, 'pass', '', ''),
(407, 51, 39, 'AY20_21', 60, 'pass', '', ''),
(408, 52, 39, 'AY20_21', 62, 'pass', '', ''),
(409, 53, 39, 'AY20_21', 68, 'pass', '', ''),
(410, 54, 39, 'AY21_22', 35, 'fail', '0', 'absent'),
(411, 55, 39, 'AY21_22', 28, 'fail', '0', 'absent'),
(412, 56, 39, 'AY21_22', 0, 'absent', '0', 'absent'),
(413, 57, 39, 'AY20_21', 55, 'pass', '', ''),
(414, 58, 39, 'AY21_22', 23, 'fail', '0', 'absent'),
(415, 1, 40, 'AY2023_24', 54, 'pass', '', ''),
(416, 12, 40, 'AY2023_24', 52, 'pass', '', ''),
(417, 2, 40, 'AY2023_24', 67, 'pass', '', ''),
(418, 13, 40, 'AY2023_24', 30, 'fail', '43', 'pass capped'),
(419, 31, 40, 'AY2023_24', 64, 'pass', '', ''),
(420, 6, 40, 'AY2023_24', 53, 'pass', '', ''),
(421, 1, 41, 'AY2022_23', 31, 'fail', '0', 'absent'),
(422, 12, 41, 'AY2022_23', 55, 'pass', '', ''),
(423, 2, 41, 'AY2022_23', 77, 'pass', '', ''),
(424, 13, 41, 'AY2022_23', 51, 'pass', '', ''),
(425, 4, 41, 'AY2022_23', 26, 'fail', '0', 'absent'),
(426, 6, 41, 'AY2022_23', 76, 'pass', '', ''),
(427, 1, 41, 'AY2023_24', 0, 'absent', '0', 'absent'),
(428, 4, 41, 'AY2023_24', 0, 'fail', '0', 'fail'),
(429, 1, 42, 'AY2023_24', 0, 'excused', '56', 'pass'),
(430, 12, 42, 'AY2023_24', 47, 'pass', '', ''),
(431, 2, 42, 'AY2023_24', 73, 'pass', '', ''),
(432, 13, 42, 'AY2023_24', 0, 'excused', '36', 'fail'),
(433, 31, 42, 'AY2023_24', 65, 'pass', '', ''),
(434, 6, 42, 'AY2023_24', 50, 'pass', '', ''),
(435, 14, 43, 'AY2023_24', 46, 'pass', '', ''),
(436, 15, 43, 'AY2023_24', 54, 'pass', '', ''),
(437, 59, 43, 'AY2023_24', 60, 'pass', '', ''),
(438, 1, 43, 'AY2023_24', 43, 'pass', '', ''),
(439, 20, 43, 'AY2023_24', 70, 'pass', '', ''),
(440, 14, 44, 'AY2022_23', 42, 'pass', '', ''),
(441, 15, 44, 'AY2022_23', 62, 'pass', '', ''),
(442, 29, 44, 'AY2022_23', 55, 'pass', '', ''),
(443, 40, 44, 'AY2023_24', 52, 'pass', '', ''),
(444, 18, 44, 'AY2023_24', 58, 'pass', '', ''),
(445, 41, 44, 'AY2023_24', 44, 'pass', '', ''),
(446, 1, 44, 'AY2022_23', 33, 'fail', '29', 'fail'),
(447, 20, 44, 'AY2022_23', 45, 'pass', '', ''),
(448, 1, 44, 'AY2023_24', 36, 'fail', '47', 'pass capped'),
(449, 21, 44, 'AY2023_24', 31, 'fail', '0', 'excused'),
(450, 22, 44, 'AY2023_24', 50, 'pass', '', ''),
(451, 11, 44, 'AY2023_24', 54, 'pass', '', ''),
(452, 1, 45, 'AY2021_22', 57, 'pass', '', ''),
(453, 12, 45, 'AY2021_22', 54, 'pass', '', ''),
(454, 2, 45, 'AY2021_22', 46, 'pass', '', ''),
(455, 13, 45, 'AY2021_22', 33, 'fail', '0', 'excused'),
(456, 4, 45, 'AY2021_22', 22, 'fail', '0', 'excused'),
(457, 6, 45, 'AY2021_22', 35, 'fail', '0', 'excused'),
(458, 13, 45, 'AY2022_23', 29, 'fail', '40', 'pass capped'),
(459, 4, 45, 'AY2022_23', 56, 'pass capped', '', ''),
(460, 6, 45, 'AY2022_23', 53, 'pass capped', '', ''),
(461, 7, 45, 'AY2023_24', 19, 'fail', '0', 'absent'),
(462, 8, 45, 'AY2023_24', 56, 'pass', '', ''),
(463, 9, 45, 'AY2023_24', 0, 'fail', '0', 'absent'),
(464, 10, 45, 'AY2023_24', 0, 'absent', '0', 'absent'),
(465, 11, 45, 'AY2023_24', 47, 'pass', '', ''),
(466, 14, 46, 'AY2023_24', 52, 'pass', '', ''),
(467, 15, 46, 'AY2023_24', 57, 'pass', '', ''),
(468, 59, 46, 'AY2023_24', 62, 'pass', '', ''),
(469, 1, 46, 'AY2023_24', 51, 'pass', '', ''),
(470, 20, 46, 'AY2023_24', 80, 'pass', '', ''),
(471, 1, 47, 'AY2021_22', 83, 'pass', '', ''),
(472, 12, 47, 'AY2021_22', 92, 'pass', '', ''),
(473, 2, 47, 'AY2021_22', 90, 'pass', '', ''),
(474, 13, 47, 'AY2021_22', 92, 'pass', '', ''),
(475, 4, 47, 'AY2021_22', 77, 'pass', '', ''),
(476, 6, 47, 'AY2021_22', 82, 'pass', '', ''),
(477, 8, 47, 'AY2022_23', 76, 'pass', '', ''),
(478, 9, 47, 'AY2022_23', 87, 'pass', '', ''),
(479, 10, 47, 'AY2022_23', 83, 'pass', '', ''),
(480, 30, 47, 'AY2022_23', 86, 'pass', '', ''),
(481, 11, 47, 'AY2022_23', 64, 'pass', '', ''),
(482, 1, 48, 'AY2020_21', 75, 'pass', '', ''),
(483, 12, 48, 'AY2020_21', 60, 'pass', '', ''),
(484, 2, 48, 'AY2020_21', 64, 'pass', '', ''),
(485, 13, 48, 'AY2020_21', 34, 'fail', '0', 'absent'),
(486, 4, 48, 'AY2020_21', 35, 'fail', '0', 'absent'),
(487, 6, 48, 'AY2020_21', 47, 'pass', '', ''),
(488, 1, 49, 'AY2021_22', 70, 'pass', '', ''),
(489, 12, 49, 'AY2021_22', 68, 'pass', '', ''),
(490, 2, 49, 'AY2021_22', 70, 'pass', '', ''),
(491, 13, 49, 'AY2021_22', 74, 'pass', '', ''),
(492, 4, 49, 'AY2021_22', 84, 'pass', '', ''),
(493, 6, 49, 'AY2021_22', 73, 'pass', '', ''),
(494, 7, 49, 'AY2022_23', 62, 'pass', '', ''),
(495, 8, 49, 'AY2022_23', 58, 'pass', '', ''),
(496, 9, 49, 'AY2022_23', 83, 'pass', '', ''),
(497, 10, 49, 'AY2022_23', 75, 'pass', '', ''),
(498, 11, 49, 'AY2022_23', 80, 'pass', '', ''),
(499, 14, 50, 'AY2023_24', 30, 'fail', '35', 'fail'),
(500, 15, 50, 'AY2023_24', 64, 'pass', '', ''),
(501, 29, 50, 'AY2023_24', 55, 'pass', '', ''),
(502, 1, 50, 'AY2023_24', 42, 'pass', '', ''),
(503, 20, 50, 'AY2023_24', 42, 'pass', '', ''),
(504, 1, 51, 'AY2022_23', 71, 'pass', '', ''),
(505, 2, 51, 'AY2022_23', 75, 'pass', '', ''),
(506, 3, 51, 'AY2022_23', 77, 'pass', '', ''),
(507, 5, 51, 'AY2022_23', 57, 'pass', '', ''),
(508, 31, 51, 'AY2022_23', 76, 'pass', '', ''),
(509, 6, 51, 'AY2022_23', 76, 'pass', '', ''),
(510, 7, 51, 'AY2023_24', 64, 'pass', '', ''),
(511, 8, 51, 'AY2023_24', 54, 'pass', '', ''),
(512, 9, 51, 'AY2023_24', 84, 'pass', '', ''),
(513, 10, 51, 'AY2023_24', 74, 'pass', '', ''),
(514, 11, 51, 'AY2023_24', 67, 'pass', '', ''),
(515, 1, 52, 'AY2020_21', 33, 'fail', '75', 'pass capped'),
(516, 12, 52, 'AY2020_21', 57, 'pass', '', ''),
(517, 2, 52, 'AY2020_21', 68, 'pass', '', ''),
(518, 13, 52, 'AY2020_21', 40, 'pass', '', ''),
(519, 5, 52, 'AY2020_21', 61, 'pass', '', ''),
(520, 6, 52, 'AY2020_21', 57, 'pass', '', ''),
(521, 7, 52, 'AY2021_22', 50, 'pass', '', ''),
(522, 8, 52, 'AY2021_22', 12, 'fail', '0', 'excused'),
(523, 9, 52, 'AY2021_22', 20, 'fail', '0', 'excused'),
(524, 10, 52, 'AY2021_22', 38, 'fail', '0', 'excused'),
(525, 11, 52, 'AY2021_22', 66, 'pass', '', ''),
(526, 8, 52, 'AY2022_23', 50, 'pass capped', '', ''),
(527, 9, 52, 'AY2022_23', 42, 'pass capped', '', ''),
(528, 10, 52, 'AY2022_23', 50, 'pass capped', '', ''),
(529, 1, 53, 'AY2021_22', 68, 'pass', '', ''),
(530, 12, 53, 'AY2021_22', 70, 'pass', '', ''),
(531, 2, 53, 'AY2021_22', 53, 'pass', '', ''),
(532, 13, 53, 'AY2021_22', 45, 'pass', '', ''),
(533, 5, 53, 'AY2021_22', 61, 'pass', '', ''),
(534, 6, 53, 'AY2021_22', 80, 'pass capped', '', ''),
(535, 8, 53, 'AY2022_23', 57, 'pass', '', ''),
(536, 9, 53, 'AY2022_23', 0, 'excused', '47', 'pass'),
(537, 10, 53, 'AY2022_23', 57, 'pass', '', ''),
(538, 30, 53, 'AY2022_23', 43, 'pass', '', ''),
(539, 11, 53, 'AY2022_23', 66, 'pass', '', ''),
(540, 12, 54, 'AY2020_21', 40, 'pass', '', ''),
(541, 2, 54, 'AY2021_22', 52, 'pass', '', ''),
(542, 6, 54, 'AY2021_22', 65, 'pass', '', ''),
(543, 1, 54, 'AY2022_23', 42, 'pass', '', ''),
(544, 13, 54, 'AY2022_23', 13, 'fail', '0', 'absent'),
(545, 4, 54, 'AY2022_23', 43, 'pass', '', ''),
(546, 14, 55, 'AY2022_23', 47, 'pass', '', ''),
(547, 15, 55, 'AY2022_23', 51, 'pass', '', ''),
(548, 59, 55, 'AY2022_23', 53, 'pass', '', ''),
(549, 40, 55, 'AY2023_24', 55, 'pass', '', ''),
(550, 18, 55, 'AY2023_24', 55, 'pass', '', ''),
(551, 41, 55, 'AY2023_24', 62, 'pass', '', ''),
(552, 60, 55, 'AY21_22', 0, 'fail', '', ''),
(553, 61, 55, 'AY21_22', 0, 'absent', '17', 'fail'),
(554, 62, 55, 'AY21_22', 39, 'fail', '32', 'fail'),
(555, 63, 55, 'AY21_22', 57, 'pass', '', ''),
(556, 64, 55, 'AY21_22', 25, 'fail', '53', 'pass capped'),
(557, 65, 55, 'AY21_22', 23, 'fail', '0', 'excused'),
(558, 1, 55, 'AY2022_23', 29, 'fail', '31', 'fail'),
(559, 20, 55, 'AY2022_23', 25, 'fail', '40', 'pass capped'),
(560, 1, 55, 'AY2023_24', 52, 'pass capped', '', ''),
(561, 21, 55, 'AY2023_24', 58, 'pass', '', ''),
(562, 22, 55, 'AY2023_24', 27, 'fail', '', ''),
(563, 11, 55, 'AY2023_24', 62, 'pass', '', ''),
(564, 39, 56, 'AY20_21', 0, 'fail', '', ''),
(565, 12, 56, 'AY2020_21', 46, 'pass', '', ''),
(566, 1, 56, 'AY2021_22', 68, 'pass', '', ''),
(567, 2, 56, 'AY2021_22', 72, 'pass', '', ''),
(568, 13, 56, 'AY2021_22', 52, 'pass', '', ''),
(569, 4, 56, 'AY2021_22', 60, 'pass', '', ''),
(570, 6, 56, 'AY2021_22', 54, 'pass', '', ''),
(571, 7, 56, 'AY2022_23', 55, 'pass', '', ''),
(572, 8, 56, 'AY2022_23', 36, 'fail', '44', 'pass capped'),
(573, 9, 56, 'AY2022_23', 15, 'fail', '0', 'absent'),
(574, 10, 56, 'AY2022_23', 52, 'pass', '', ''),
(575, 11, 56, 'AY2022_23', 75, 'pass', '', ''),
(576, 14, 57, 'AY2021_22', 55, 'pass', '', ''),
(577, 15, 57, 'AY2021_22', 57, 'pass', '', ''),
(578, 29, 57, 'AY2021_22', 0, 'excused', '', ''),
(579, 29, 57, 'AY2022_23', 58, 'pass', '', ''),
(580, 40, 57, 'AY2023_24', 49, 'pass', '', ''),
(581, 18, 57, 'AY2023_24', 54, 'pass', '', ''),
(582, 41, 57, 'AY2023_24', 56, 'pass', '', ''),
(583, 1, 57, 'AY2021_22', 0, 'excused', '', ''),
(584, 20, 57, 'AY2021_22', 0, 'excused', '', ''),
(585, 1, 57, 'AY2022_23', 44, 'pass', '', ''),
(586, 20, 57, 'AY2022_23', 58, 'pass', '', ''),
(587, 21, 57, 'AY2023_24', 44, 'pass', '', ''),
(588, 22, 57, 'AY2023_24', 34, 'fail', '', ''),
(589, 11, 57, 'AY2023_24', 60, 'pass', '', ''),
(590, 14, 58, 'AY2023_24', 61, 'pass', '', ''),
(591, 15, 58, 'AY2023_24', 60, 'pass', '', ''),
(592, 29, 58, 'AY2023_24', 63, 'pass', '', ''),
(593, 1, 58, 'AY2023_24', 70, 'pass', '', ''),
(594, 20, 58, 'AY2023_24', 51, 'pass', '', ''),
(595, 8, 59, 'AY2023_24', 37, 'fail', '67', 'pass capped'),
(596, 9, 59, 'AY2023_24', 19, 'fail', '40', 'pass capped'),
(597, 10, 59, 'AY2023_24', 55, 'pass', '', ''),
(598, 30, 59, 'AY2023_24', 64, 'pass', '', ''),
(599, 11, 59, 'AY2023_24', 60, 'pass', '', ''),
(600, 14, 60, 'AY2022_23', 5, 'fail', '0', 'absent'),
(601, 15, 60, 'AY2022_23', 63, 'pass', '', ''),
(602, 29, 60, 'AY2022_23', 25, 'fail', '51', 'pass capped'),
(603, 14, 60, 'AY2023_24', 45, 'pass capped', '', ''),
(604, 1, 60, 'AY2021_22', 57, 'pass', '', ''),
(605, 2, 60, 'AY2021_22', 60, 'pass', '', ''),
(606, 3, 60, 'AY2021_22', 44, 'pass', '', ''),
(607, 4, 60, 'AY2021_22', 10, 'fail', '0', 'absent'),
(608, 5, 60, 'AY2021_22', 31, 'fail', '36', 'fail'),
(609, 6, 60, 'AY2021_22', 42, 'pass capped', '', ''),
(610, 20, 60, 'AY2022_23', 25, 'fail', '25', 'fail'),
(611, 20, 60, 'AY2023_24', 50, 'pass', '', ''),
(612, 1, 61, 'AY2021_22', 0, 'excused', '69', 'pass'),
(613, 12, 61, 'AY2021_22', 82, 'pass', '', ''),
(614, 2, 61, 'AY2021_22', 71, 'pass', '', ''),
(615, 13, 61, 'AY2021_22', 79, 'pass', '', ''),
(616, 5, 61, 'AY2021_22', 0, 'excused', '79', 'pass'),
(617, 6, 61, 'AY2021_22', 87, 'pass', '', ''),
(618, 7, 61, 'AY2022_23', 81, 'pass', '', ''),
(619, 8, 61, 'AY2022_23', 70, 'pass', '', ''),
(620, 9, 61, 'AY2022_23', 75, 'pass', '', ''),
(621, 10, 61, 'AY2022_23', 75, 'pass', '', ''),
(622, 11, 61, 'AY2022_23', 82, 'pass', '', ''),
(623, 1, 62, 'AY2023_24', 56, 'pass', '', ''),
(624, 2, 62, 'AY2023_24', 38, 'fail', '0', 'absent'),
(625, 3, 62, 'AY2023_24', 51, 'pass', '', ''),
(626, 4, 62, 'AY2023_24', 55, 'pass', '', ''),
(627, 31, 62, 'AY2023_24', 0, 'absent', '0', 'absent'),
(628, 6, 62, 'AY2023_24', 43, 'pass', '', ''),
(629, 14, 63, 'AY2023_24', 42, 'pass', '', ''),
(630, 15, 63, 'AY2023_24', 64, 'pass', '', ''),
(631, 59, 63, 'AY2023_24', 64, 'pass', '', ''),
(632, 1, 63, 'AY2023_24', 34, 'fail', '42', 'pass capped'),
(633, 20, 63, 'AY2023_24', 60, 'pass', '', ''),
(634, 1, 64, 'AY2023_24', 70, 'pass', '', ''),
(635, 12, 64, 'AY2023_24', 85, 'pass', '', ''),
(636, 2, 64, 'AY2023_24', 69, 'pass', '', ''),
(637, 13, 64, 'AY2023_24', 74, 'pass', '', ''),
(638, 31, 64, 'AY2023_24', 82, 'pass', '', ''),
(639, 6, 64, 'AY2023_24', 83, 'pass', '', ''),
(640, 1, 65, 'AY2019_20', 86, 'pass', '', ''),
(641, 2, 65, 'AY2019_20', 80, 'pass', '', ''),
(642, 3, 65, 'AY2019_20', 67, 'pass', '', ''),
(643, 66, 65, 'AY2019_20', 0, 'excused', '0', 'excused'),
(644, 5, 65, 'AY2019_20', 65, 'pass', '', ''),
(645, 6, 65, 'AY2019_20', 71, 'pass', '', ''),
(646, 66, 65, 'AY2020_21', 50, 'pass', '', ''),
(647, 67, 65, 'AY2020_21', 53, 'pass', '', ''),
(648, 8, 65, 'AY2020_21', 73, 'pass', '', ''),
(649, 9, 65, 'AY2020_21', 75, 'pass', '', ''),
(650, 10, 65, 'AY2020_21', 57, 'pass', '', ''),
(651, 30, 65, 'AY2020_21', 58, 'pass', '', ''),
(652, 68, 65, 'AY2020_21', 82, 'pass', '', ''),
(653, 1, 66, 'AY2020_21', 85, 'pass', '', ''),
(654, 12, 66, 'AY2020_21', 88, 'pass', '', ''),
(655, 2, 66, 'AY2020_21', 93, 'pass', '', ''),
(656, 13, 66, 'AY2020_21', 90, 'pass', '', ''),
(657, 5, 66, 'AY2020_21', 72, 'pass', '', ''),
(658, 6, 66, 'AY2020_21', 75, 'pass', '', ''),
(659, 8, 66, 'AY2021_22', 67, 'pass', '', ''),
(660, 9, 66, 'AY2021_22', 95, 'pass', '', ''),
(661, 10, 66, 'AY2021_22', 0, 'excused', '0', 'excused'),
(662, 30, 66, 'AY2021_22', 0, 'excused', '0', 'excused'),
(663, 11, 66, 'AY2021_22', 87, 'pass', '', ''),
(664, 69, 66, 'AY2022_23', 0, 'pass', '', ''),
(665, 10, 66, 'AY2022_23', 0, 'excused', '72', 'pass'),
(666, 30, 66, 'AY2022_23', 0, 'excused', '80', 'pass'),
(667, 1, 67, 'AY2022_23', 50, 'pass', '', ''),
(668, 12, 67, 'AY2022_23', 50, 'pass', '', ''),
(669, 2, 67, 'AY2022_23', 49, 'pass', '', ''),
(670, 13, 67, 'AY2022_23', 38, 'fail', '29', 'fail'),
(671, 4, 67, 'AY2022_23', 40, 'pass', '', ''),
(672, 6, 67, 'AY2022_23', 52, 'pass', '', ''),
(673, 13, 67, 'AY2023_24', 0, 'absent', '17', 'fail'),
(674, 8, 67, 'AY2023_24', 63, 'pass', '', ''),
(675, 9, 67, 'AY2023_24', 9, 'fail', '2', 'fail'),
(676, 10, 67, 'AY2023_24', 20, 'fail', '19', 'fail'),
(677, 11, 67, 'AY2023_24', 77, 'pass', '', ''),
(678, 45, 67, 'AY2023_24', 36, 'fail', '0', 'absent'),
(679, 1, 68, 'AY2021_22', 80, 'pass', '', ''),
(680, 2, 68, 'AY2021_22', 78, 'pass', '', ''),
(681, 3, 68, 'AY2021_22', 71, 'pass', '', ''),
(682, 4, 68, 'AY2021_22', 70, 'pass', '', ''),
(683, 5, 68, 'AY2021_22', 63, 'pass', '', ''),
(684, 6, 68, 'AY2021_22', 86, 'pass', '', ''),
(685, 7, 68, 'AY2022_23', 72, 'pass', '', ''),
(686, 8, 68, 'AY2022_23', 76, 'pass', '', ''),
(687, 9, 68, 'AY2022_23', 71, 'pass', '', ''),
(688, 10, 68, 'AY2022_23', 72, 'pass', '', ''),
(689, 11, 68, 'AY2022_23', 79, 'pass', '', ''),
(690, 14, 69, 'AY2022_23', 65, 'pass', '', ''),
(691, 15, 69, 'AY2022_23', 65, 'pass', '', ''),
(692, 59, 69, 'AY2022_23', 52, 'pass', '', ''),
(693, 40, 69, 'AY2023_24', 61, 'pass', '', ''),
(694, 18, 69, 'AY2023_24', 63, 'pass', '', ''),
(695, 41, 69, 'AY2023_24', 58, 'pass', '', ''),
(696, 1, 69, 'AY2022_23', 54, 'pass', '', ''),
(697, 20, 69, 'AY2022_23', 59, 'pass', '', ''),
(698, 21, 69, 'AY2023_24', 73, 'pass', '', ''),
(699, 22, 69, 'AY2023_24', 74, 'pass', '', ''),
(700, 11, 69, 'AY2023_24', 74, 'pass', '', ''),
(701, 1, 70, 'AY2022_23', 47, 'pass', '', ''),
(702, 12, 70, 'AY2022_23', 54, 'pass', '', ''),
(703, 2, 70, 'AY2022_23', 72, 'pass', '', ''),
(704, 13, 70, 'AY2022_23', 42, 'pass', '', ''),
(705, 5, 70, 'AY2022_23', 45, 'pass', '', ''),
(706, 6, 70, 'AY2022_23', 64, 'pass', '', ''),
(707, 7, 70, 'AY2023_24', 42, 'pass', '', ''),
(708, 8, 70, 'AY2023_24', 40, 'pass', '', ''),
(709, 9, 70, 'AY2023_24', 33, 'fail', '7', 'fail'),
(710, 10, 70, 'AY2023_24', 46, 'pass', '', ''),
(711, 11, 70, 'AY2023_24', 45, 'pass', '', ''),
(712, 70, 71, 'AY2021_22', 30, 'fail', '', ''),
(713, 71, 71, 'AY2021_22', 0, 'absent', '', ''),
(714, 72, 71, 'AY2021_22', 36, 'fail', '', ''),
(715, 14, 71, 'AY2022_23', 77, 'pass', '', ''),
(716, 15, 71, 'AY2022_23', 64, 'pass', '', ''),
(717, 19, 71, 'AY22_23', 0, 'absent', '0', 'absent'),
(718, 73, 71, 'AY21_22', 0, 'absent', '', ''),
(719, 74, 71, 'AY21_22', 28, 'fail', '', ''),
(720, 75, 71, 'AY21_22', 0, 'absent', '', ''),
(721, 1, 71, 'AY2022_23', 16, 'fail', '0', 'absent'),
(722, 20, 71, 'AY2022_23', 7, 'fail', '0', 'fail'),
(723, 1, 72, 'AY2022_23', 26, 'fail', '0', 'absent'),
(724, 2, 72, 'AY2022_23', 8, 'fail', '0', 'absent'),
(725, 3, 72, 'AY2022_23', 7, 'fail', '0', 'absent'),
(726, 4, 72, 'AY2022_23', 0, 'fail', '0', 'absent'),
(727, 5, 72, 'AY2022_23', 0, 'fail', '0', 'fail'),
(728, 6, 72, 'AY2022_23', 3, 'fail', '0', 'absent'),
(729, 76, 73, 'AY20_21', 53, 'pass', '', ''),
(730, 77, 73, 'AY20_21', 0, 'absent', '69', 'pass capped'),
(731, 78, 73, 'AY20_21', 73, 'pass', '', ''),
(732, 79, 73, 'AY20_21', 59, 'pass', '', ''),
(733, 80, 73, 'AY20_21', 47, 'pass', '', ''),
(734, 81, 73, 'AY20_21', 58, 'pass', '', ''),
(735, 82, 73, 'AY21_22', 56, 'pass', '', ''),
(736, 83, 73, 'AY21_22', 58, 'pass', '', ''),
(737, 84, 73, 'AY21_22', 47, 'pass', '', ''),
(738, 85, 73, 'AY21_22', 70, 'pass', '', ''),
(739, 86, 73, 'AY21_22', 57, 'pass', '', ''),
(740, 87, 73, 'AY21_22', 54, 'pass', '', ''),
(741, 14, 74, 'AY2023_24', 0, 'absent', '0', 'absent'),
(742, 15, 74, 'AY2023_24', 0, 'absent', '21', 'fail'),
(743, 1, 74, 'AY2022_23', 0, 'absent', '0', 'absent'),
(744, 12, 74, 'AY2022_23', 3, 'fail', '0', 'absent'),
(745, 2, 74, 'AY2022_23', 0, 'absent', '0', 'absent'),
(746, 13, 74, 'AY2022_23', 0, 'absent', '0', 'absent'),
(747, 4, 74, 'AY2022_23', 0, 'fail', '0', 'absent'),
(748, 6, 74, 'AY2022_23', 0, 'absent', '0', 'absent'),
(749, 1, 74, 'AY2023_24', 0, 'excused', '0', 'absent'),
(750, 19, 74, 'AY23_24', 0, 'absent', '0', 'absent'),
(751, 20, 74, 'AY2023_24', 4, 'fail', '0', 'fail'),
(752, 1, 75, 'AY2021_22', 77, 'pass', '', ''),
(753, 2, 75, 'AY2021_22', 76, 'pass', '', ''),
(754, 3, 75, 'AY2021_22', 65, 'pass', '', ''),
(755, 4, 75, 'AY2021_22', 63, 'pass', '', ''),
(756, 5, 75, 'AY2021_22', 68, 'pass', '', ''),
(757, 6, 75, 'AY2021_22', 56, 'pass', '', ''),
(758, 8, 75, 'AY2022_23', 70, 'pass', '', ''),
(759, 9, 75, 'AY2022_23', 83, 'pass', '', ''),
(760, 10, 75, 'AY2022_23', 76, 'pass', '', ''),
(761, 30, 75, 'AY2022_23', 71, 'pass', '', ''),
(762, 11, 75, 'AY2022_23', 73, 'pass', '', ''),
(763, 1, 76, 'AY2021_22', 46, 'pass', '', ''),
(764, 12, 76, 'AY2021_22', 53, 'pass', '', ''),
(765, 2, 76, 'AY2021_22', 54, 'pass', '', ''),
(766, 13, 76, 'AY2021_22', 51, 'pass', '', ''),
(767, 5, 76, 'AY2021_22', 66, 'pass', '', ''),
(768, 6, 76, 'AY2021_22', 49, 'pass', '', ''),
(769, 7, 76, 'AY2022_23', 55, 'pass', '', ''),
(770, 8, 76, 'AY2022_23', 57, 'pass', '', ''),
(771, 9, 76, 'AY2022_23', 42, 'pass', '', ''),
(772, 10, 76, 'AY2022_23', 42, 'pass', '', ''),
(773, 11, 76, 'AY2022_23', 64, 'pass', '', ''),
(774, 1, 77, 'AY2020_21', 82, 'pass', '', ''),
(775, 2, 77, 'AY2020_21', 85, 'pass', '', ''),
(776, 3, 77, 'AY2020_21', 71, 'pass', '', ''),
(777, 66, 77, 'AY2020_21', 60, 'pass', '', ''),
(778, 5, 77, 'AY2020_21', 72, 'pass', '', ''),
(779, 6, 77, 'AY2020_21', 86, 'pass', '', ''),
(780, 8, 77, 'AY2021_22', 60, 'pass', '', ''),
(781, 9, 77, 'AY2021_22', 0, 'excused', '89', 'pass'),
(782, 10, 77, 'AY2021_22', 71, 'pass', '', ''),
(783, 30, 77, 'AY2021_22', 78, 'pass', '', ''),
(784, 11, 77, 'AY2021_22', 64, 'pass', '', ''),
(785, 1, 78, 'AY2022_23', 56, 'pass', '', ''),
(786, 12, 78, 'AY2022_23', 6, 'fail', '67', 'pass capped'),
(787, 2, 78, 'AY2022_23', 66, 'pass', '', ''),
(788, 13, 78, 'AY2022_23', 14, 'fail', '76', 'pass capped'),
(789, 31, 78, 'AY2022_23', 55, 'pass', '', ''),
(790, 6, 78, 'AY2022_23', 53, 'pass', '', ''),
(791, 7, 78, 'AY2023_24', 70, 'pass', '', ''),
(792, 8, 78, 'AY2023_24', 59, 'pass', '', ''),
(793, 9, 78, 'AY2023_24', 0, 'excused', '64', 'pass'),
(794, 10, 78, 'AY2023_24', 58, 'pass', '', ''),
(795, 11, 78, 'AY2023_24', 78, 'pass', '', ''),
(796, 14, 79, 'AY2023_24', 68, 'pass', '', ''),
(797, 15, 79, 'AY2023_24', 66, 'pass', '', ''),
(798, 19, 79, 'AY23_24', 61, 'pass', '', ''),
(799, 1, 79, 'AY2023_24', 50, 'pass', '', ''),
(800, 20, 79, 'AY2023_24', 34, 'fail', '0', 'excused'),
(801, 1, 80, 'AY2021_22', 61, 'pass', '', ''),
(802, 12, 80, 'AY2021_22', 58, 'pass', '', ''),
(803, 2, 80, 'AY2021_22', 70, 'pass', '', ''),
(804, 13, 80, 'AY2021_22', 41, 'pass', '', ''),
(805, 4, 80, 'AY2021_22', 43, 'pass', '', ''),
(806, 6, 80, 'AY2021_22', 50, 'pass', '', ''),
(807, 8, 80, 'AY2022_23', 64, 'pass', '', ''),
(808, 9, 80, 'AY2022_23', 2, 'fail', '3', 'fail'),
(809, 10, 80, 'AY2022_23', 32, 'fail', '40', 'pass capped'),
(810, 30, 80, 'AY2022_23', 42, 'pass', '', ''),
(811, 11, 80, 'AY2022_23', 75, 'pass', '', ''),
(812, 14, 81, 'AY2022_23', 40, 'pass', '', ''),
(813, 15, 81, 'AY2022_23', 64, 'pass', '', ''),
(814, 59, 81, 'AY2022_23', 52, 'pass', '', ''),
(815, 17, 81, 'AY2023_24', 51, 'pass', '', ''),
(816, 18, 81, 'AY2023_24', 60, 'pass', '', ''),
(817, 41, 81, 'AY2023_24', 62, 'pass', '', ''),
(818, 1, 81, 'AY2022_23', 28, 'fail', '24', 'fail'),
(819, 20, 81, 'AY2022_23', 14, 'fail', '60', 'pass capped'),
(820, 1, 81, 'AY2023_24', 36, 'fail', '21', 'fail'),
(821, 21, 81, 'AY2023_24', 60, 'pass', '', ''),
(822, 22, 81, 'AY2023_24', 35, 'fail', '', ''),
(823, 11, 81, 'AY2023_24', 78, 'pass', '', ''),
(824, 1, 82, 'AY2021_22', 14, 'fail', '0', 'absent'),
(825, 12, 82, 'AY2021_22', 65, 'pass', '', ''),
(826, 2, 82, 'AY2021_22', 14, 'fail', '0', 'absent'),
(827, 13, 82, 'AY2021_22', 60, 'pass', '', ''),
(828, 4, 82, 'AY2021_22', 79, 'pass', '', ''),
(829, 6, 82, 'AY2021_22', 43, 'pass', '', ''),
(830, 1, 82, 'AY2022_23', 49, 'pass capped', '', ''),
(831, 2, 82, 'AY2022_23', 58, 'pass capped', '', ''),
(832, 8, 82, 'AY2023_24', 0, 'fail', '0', 'absent'),
(833, 9, 82, 'AY2023_24', 0, 'fail', '0', 'absent'),
(834, 10, 82, 'AY2023_24', 0, 'absent', '0', 'absent'),
(835, 30, 82, 'AY2023_24', 0, 'fail', '0', 'absent'),
(836, 11, 82, 'AY2023_24', 0, 'fail', '0', 'absent'),
(837, 14, 83, 'AY2023_24', 68, 'pass', '', ''),
(838, 15, 83, 'AY2023_24', 65, 'pass', '', ''),
(839, 29, 83, 'AY2023_24', 81, 'pass', '', ''),
(840, 1, 83, 'AY2023_24', 66, 'pass', '', ''),
(841, 20, 83, 'AY2023_24', 80, 'pass', '', ''),
(842, 67, 84, 'AY2020_21', 69, 'pass', '', ''),
(843, 8, 84, 'AY2020_21', 0, 'excused', '0', 'excused'),
(844, 9, 84, 'AY2020_21', 0, 'excused', '0', 'excused'),
(845, 10, 84, 'AY2020_21', 0, 'excused', '0', 'excused'),
(846, 30, 84, 'AY2020_21', 0, 'excused', '0', 'excused'),
(847, 68, 84, 'AY2020_21', 46, 'pass', '', ''),
(848, 9, 84, 'AY2021_22', 0, 'absent', '', ''),
(849, 8, 84, 'AY2023_24', 0, 'excused', '0', 'absent'),
(850, 9, 84, 'AY2023_24', 0, 'excused', '0', 'absent'),
(851, 10, 84, 'AY2023_24', 0, 'excused', '0', 'absent'),
(852, 30, 84, 'AY2023_24', 58, 'pass', '', ''),
(853, 14, 85, 'AY2021_22', 0, 'excused', '70', 'pass'),
(854, 15, 85, 'AY2021_22', 0, 'excused', '62', 'pass'),
(855, 29, 85, 'AY2021_22', 66, 'pass', '', ''),
(856, 16, 85, 'AY2022_23', 64, 'pass', '', ''),
(857, 88, 85, 'AY2022_23', 66, 'pass', '', ''),
(858, 18, 85, 'AY2022_23', 65, 'pass', '', ''),
(859, 12, 85, 'AY2020_21', 73, 'pass', '', ''),
(860, 2, 85, 'AY2020_21', 67, 'pass', '', ''),
(861, 6, 85, 'AY2020_21', 59, 'pass', '', ''),
(862, 1, 85, 'AY2021_22', 68, 'pass', '', ''),
(863, 20, 85, 'AY2021_22', 0, 'excused', '76', 'pass'),
(864, 21, 85, 'AY2022_23', 66, 'pass', '', ''),
(865, 22, 85, 'AY2022_23', 22, 'fail', '0', 'absent'),
(866, 11, 85, 'AY2022_23', 69, 'pass', '', ''),
(867, 1, 86, 'AY2023_24', 68, 'pass', '', ''),
(868, 2, 86, 'AY2023_24', 67, 'pass', '', ''),
(869, 3, 86, 'AY2023_24', 68, 'pass', '', ''),
(870, 4, 86, 'AY2023_24', 70, 'pass', '', ''),
(871, 31, 86, 'AY2023_24', 76, 'pass', '', ''),
(872, 6, 86, 'AY2023_24', 76, 'pass', '', ''),
(873, 1, 87, 'AY2020_21', 75, 'pass', '', ''),
(874, 12, 87, 'AY2020_21', 77, 'pass', '', ''),
(875, 2, 87, 'AY2020_21', 76, 'pass', '', ''),
(876, 13, 87, 'AY2020_21', 84, 'pass', '', ''),
(877, 4, 87, 'AY2020_21', 76, 'pass', '', ''),
(878, 6, 87, 'AY2020_21', 70, 'pass', '', ''),
(879, 7, 87, 'AY2021_22', 68, 'pass', '', ''),
(880, 8, 87, 'AY2021_22', 77, 'pass', '', ''),
(881, 9, 87, 'AY2021_22', 72, 'pass', '', ''),
(882, 10, 87, 'AY2021_22', 82, 'pass', '', ''),
(883, 11, 87, 'AY2021_22', 84, 'pass', '', ''),
(884, 1, 88, 'AY2022_23', 54, 'pass', '', ''),
(885, 12, 88, 'AY2022_23', 62, 'pass', '', ''),
(886, 2, 88, 'AY2022_23', 60, 'pass', '', ''),
(887, 13, 88, 'AY2022_23', 61, 'pass', '', ''),
(888, 4, 88, 'AY2022_23', 68, 'pass', '', ''),
(889, 6, 88, 'AY2022_23', 61, 'pass', '', ''),
(890, 8, 88, 'AY2023_24', 63, 'pass', '', ''),
(891, 9, 88, 'AY2023_24', 70, 'pass', '', ''),
(892, 10, 88, 'AY2023_24', 68, 'pass', '', ''),
(893, 11, 88, 'AY2023_24', 58, 'pass', '', ''),
(894, 45, 88, 'AY2023_24', 72, 'pass', '', ''),
(895, 8, 89, 'AY2023_24', 72, 'pass', '', ''),
(896, 9, 89, 'AY2023_24', 70, 'pass', '', ''),
(897, 10, 89, 'AY2023_24', 84, 'pass', '', ''),
(898, 30, 89, 'AY2023_24', 81, 'pass', '', ''),
(899, 11, 89, 'AY2023_24', 77, 'pass', '', ''),
(900, 14, 90, 'AY2022_23', 45, 'pass', '', ''),
(901, 15, 90, 'AY2022_23', 66, 'pass', '', ''),
(902, 29, 90, 'AY2022_23', 56, 'pass', '', ''),
(903, 40, 90, 'AY2023_24', 56, 'pass', '', ''),
(904, 18, 90, 'AY2023_24', 51, 'pass', '', ''),
(905, 41, 90, 'AY2023_24', 60, 'pass', '', ''),
(906, 1, 90, 'AY2022_23', 34, 'fail', '40', 'pass capped'),
(907, 20, 90, 'AY2022_23', 52, 'pass', '', ''),
(908, 21, 90, 'AY2023_24', 74, 'pass', '', ''),
(909, 22, 90, 'AY2023_24', 36, 'fail', '', ''),
(910, 11, 90, 'AY2023_24', 68, 'pass', '', ''),
(911, 1, 91, 'AY2023_24', 8, 'fail', '0', 'absent'),
(912, 12, 91, 'AY2023_24', 12, 'fail', '0', 'absent'),
(913, 2, 91, 'AY2023_24', 43, 'pass', '', ''),
(914, 13, 91, 'AY2023_24', 12, 'fail', '0', 'absent'),
(915, 31, 91, 'AY2023_24', 43, 'pass', '', ''),
(916, 6, 91, 'AY2023_24', 16, 'fail', '0', 'absent'),
(917, 14, 92, 'AY2022_23', 48, 'pass', '', ''),
(918, 15, 92, 'AY2022_23', 64, 'pass', '', ''),
(919, 59, 92, 'AY2022_23', 55, 'pass', '', ''),
(920, 40, 92, 'AY2023_24', 60, 'pass', '', ''),
(921, 18, 92, 'AY2023_24', 56, 'pass', '', ''),
(922, 41, 92, 'AY2023_24', 56, 'pass', '', ''),
(923, 1, 92, 'AY2022_23', 40, 'pass', '', ''),
(924, 20, 92, 'AY2022_23', 35, 'fail', '65', 'pass capped'),
(925, 21, 92, 'AY2023_24', 55, 'pass', '', ''),
(926, 22, 92, 'AY2023_24', 31, 'fail', '', ''),
(927, 11, 92, 'AY2023_24', 54, 'pass', '', ''),
(928, 13, 93, 'AY2022_23', 7, 'fail', '0', 'absent'),
(929, 1, 93, 'AY2023_24', 0, 'absent', '0', 'absent'),
(930, 12, 93, 'AY2023_24', 0, 'absent', '0', 'absent'),
(931, 2, 93, 'AY2023_24', 0, 'absent', '0', 'absent'),
(932, 13, 93, 'AY2023_24', 0, 'absent', '46', 'pass capped'),
(933, 31, 93, 'AY2023_24', 0, 'fail', '24', 'fail'),
(934, 6, 93, 'AY2023_24', 0, 'absent', '12', 'fail'),
(935, 14, 94, 'AY2023_24', 35, 'fail', '0', 'absent'),
(936, 15, 94, 'AY2023_24', 54, 'pass', '', ''),
(937, 29, 94, 'AY2023_24', 25, 'fail', '0', 'absent'),
(938, 1, 94, 'AY2023_24', 7, 'fail', '0', 'absent'),
(939, 20, 94, 'AY2023_24', 32, 'fail', '0', 'fail'),
(940, 14, 95, 'AY2022_23', 42, 'pass', '', ''),
(941, 14, 161, 'AY2022_23', 42, 'pass', '', ''),
(942, 15, 95, 'AY2022_23', 64, 'pass', '', ''),
(943, 15, 161, 'AY2022_23', 64, 'pass', '', ''),
(944, 29, 95, 'AY2022_23', 50, 'pass', '', ''),
(945, 29, 161, 'AY2022_23', 50, 'pass', '', ''),
(946, 1, 95, 'AY2022_23', 24, 'fail', '30', 'fail'),
(947, 1, 161, 'AY2022_23', 24, 'fail', '30', 'fail'),
(948, 20, 95, 'AY2022_23', 46, 'pass', '', ''),
(949, 20, 161, 'AY2022_23', 46, 'pass', '', ''),
(950, 1, 95, 'AY2023_24', 54, 'pass capped', '', ''),
(951, 1, 161, 'AY2023_24', 54, 'pass capped', '', ''),
(952, 89, 96, 'AY15_16', 43, 'pass', '', ''),
(953, 90, 96, 'AY15_16', 77, 'pass', '', ''),
(954, 91, 96, 'AY15_16', 50, 'pass', '', ''),
(955, 92, 96, 'AY15_16', 0, 'absent', '', ''),
(956, 93, 96, 'AY15_16', 0, 'absent', '', ''),
(957, 94, 96, 'AY15_16', 0, 'absent', '', ''),
(958, 95, 96, 'AY2016_17', 75, 'pass', '', ''),
(959, 96, 96, 'AY2016_17', 74, 'pass', '', ''),
(960, 97, 96, 'AY2016_17', 63, 'pass', '', ''),
(961, 98, 96, 'AY2016_17', 51, 'pass', '', ''),
(962, 99, 96, 'AY2017_18', 67, 'pass', '', ''),
(963, 67, 96, 'AY2018_19', 74, 'pass', '', ''),
(964, 100, 96, 'AY2018_19', 44, 'pass', '', ''),
(965, 101, 96, 'AY2018_19', 58, 'pass', '', ''),
(966, 102, 96, 'AY2018_19', 67, 'pass', '', ''),
(967, 103, 96, 'AY2018_19', 69, 'pass', '', ''),
(968, 14, 97, 'AY2021_22', 65, 'pass', '', ''),
(969, 15, 97, 'AY2021_22', 60, 'pass', '', ''),
(970, 59, 97, 'AY2021_22', 68, 'pass', '', ''),
(971, 16, 97, 'AY2022_23', 58, 'pass', '', ''),
(972, 17, 97, 'AY2022_23', 51, 'pass', '', ''),
(973, 18, 97, 'AY2022_23', 63, 'pass', '', ''),
(974, 1, 97, 'AY2021_22', 63, 'pass', '', ''),
(975, 20, 97, 'AY2021_22', 59, 'pass', '', ''),
(976, 21, 97, 'AY2022_23', 61, 'pass', '', ''),
(977, 22, 97, 'AY2022_23', 48, 'pass', '', ''),
(978, 11, 97, 'AY2022_23', 80, 'pass', '', ''),
(979, 14, 98, 'AY2020_21', 60, 'pass', '', ''),
(980, 15, 98, 'AY2020_21', 56, 'pass', '', ''),
(981, 29, 98, 'AY2020_21', 50, 'pass', '', ''),
(982, 16, 98, 'AY2021_22', 56, 'pass', '', ''),
(983, 88, 98, 'AY2021_22', 41, 'pass', '', ''),
(984, 18, 98, 'AY2021_22', 57, 'pass', '', ''),
(985, 1, 98, 'AY2020_21', 38, 'fail', '80', 'pass capped'),
(986, 20, 98, 'AY2020_21', 73, 'pass', '', ''),
(987, 21, 98, 'AY2021_22', 40, 'pass', '', ''),
(988, 22, 98, 'AY2021_22', 19, 'fail', '24', 'fail'),
(989, 11, 98, 'AY2021_22', 64, 'pass', '', ''),
(990, 14, 99, 'AY2021_22', 58, 'pass', '', ''),
(991, 15, 99, 'AY2021_22', 52, 'pass', '', ''),
(992, 16, 99, 'AY2022_23', 54, 'pass', '', ''),
(993, 88, 99, 'AY2022_23', 21, 'fail', '21', 'fail'),
(994, 18, 99, 'AY2022_23', 58, 'pass', '', ''),
(995, 19, 99, 'AY21_22', 64, 'pass', '', ''),
(996, 1, 99, 'AY2021_22', 66, 'pass', '', ''),
(997, 20, 99, 'AY2021_22', 61, 'pass', '', ''),
(998, 21, 99, 'AY2022_23', 56, 'pass', '', ''),
(999, 22, 99, 'AY2022_23', 48, 'pass', '', ''),
(1000, 11, 99, 'AY2022_23', 67, 'pass', '', ''),
(1001, 1, 100, 'AY2023_24', 29, 'fail', '0', 'absent'),
(1002, 12, 100, 'AY2023_24', 23, 'fail', '0', 'absent'),
(1003, 2, 100, 'AY2023_24', 45, 'pass', '', ''),
(1004, 13, 100, 'AY2023_24', 3, 'fail', '0', 'absent'),
(1005, 31, 100, 'AY2023_24', 19, 'fail', '0', 'absent'),
(1006, 6, 100, 'AY2023_24', 34, 'fail', '0', 'absent'),
(1007, 1, 101, 'AY2021_22', 83, 'pass', '', ''),
(1008, 12, 101, 'AY2021_22', 86, 'pass', '', ''),
(1009, 2, 101, 'AY2021_22', 79, 'pass', '', ''),
(1010, 13, 101, 'AY2021_22', 84, 'pass', '', ''),
(1011, 4, 101, 'AY2021_22', 90, 'pass', '', ''),
(1012, 6, 101, 'AY2021_22', 90, 'pass', '', ''),
(1013, 7, 101, 'AY2022_23', 84, 'pass', '', ''),
(1014, 8, 101, 'AY2022_23', 70, 'pass', '', ''),
(1015, 9, 101, 'AY2022_23', 80, 'pass', '', ''),
(1016, 10, 101, 'AY2022_23', 85, 'pass', '', ''),
(1017, 11, 101, 'AY2022_23', 68, 'pass', '', ''),
(1018, 1, 102, 'AY2019_20', 0, 'excused', '', ''),
(1019, 12, 102, 'AY2019_20', 36, 'fail', '0', 'excused'),
(1020, 2, 102, 'AY2019_20', 45, 'pass', '', ''),
(1021, 13, 102, 'AY2019_20', 0, 'excused', '0', 'excused'),
(1022, 4, 102, 'AY2019_20', 0, 'excused', '0', 'excused'),
(1023, 6, 102, 'AY2019_20', 62, 'pass', '', ''),
(1024, 1, 102, 'AY2020_21', 8, 'fail', '0', 'fail'),
(1025, 12, 102, 'AY2020_21', 73, 'pass capped', '', ''),
(1026, 13, 102, 'AY2020_21', 3, 'fail', '0', 'absent'),
(1027, 4, 102, 'AY2020_21', 0, 'fail', '0', 'absent'),
(1028, 1, 102, 'AY2021_22', 59, 'pass capped', '', ''),
(1029, 13, 102, 'AY2021_22', 40, 'pass capped', '', ''),
(1030, 4, 102, 'AY2021_22', 67, 'pass capped', '', ''),
(1031, 7, 102, 'AY2022_23', 0, 'absent', '0', 'absent'),
(1032, 8, 102, 'AY2022_23', 0, 'fail', '0', 'absent'),
(1033, 9, 102, 'AY2022_23', 0, 'absent', '0', 'absent'),
(1034, 10, 102, 'AY2022_23', 0, 'absent', '0', 'absent'),
(1035, 11, 102, 'AY2022_23', 25, 'fail', '0', 'absent'),
(1036, 1, 103, 'AY2021_22', 84, 'pass', '', ''),
(1037, 12, 103, 'AY2021_22', 72, 'pass', '', ''),
(1038, 2, 103, 'AY2021_22', 73, 'pass', '', ''),
(1039, 13, 103, 'AY2021_22', 52, 'pass', '', ''),
(1040, 4, 103, 'AY2021_22', 67, 'pass', '', ''),
(1041, 6, 103, 'AY2021_22', 77, 'pass', '', ''),
(1042, 7, 103, 'AY2022_23', 74, 'pass', '', ''),
(1043, 8, 103, 'AY2022_23', 58, 'pass', '', ''),
(1044, 9, 103, 'AY2022_23', 60, 'pass', '', ''),
(1045, 10, 103, 'AY2022_23', 75, 'pass', '', ''),
(1046, 11, 103, 'AY2022_23', 80, 'pass', '', ''),
(1047, 1, 104, 'AY2022_23', 57, 'pass', '', ''),
(1048, 12, 104, 'AY2022_23', 51, 'pass', '', ''),
(1049, 2, 104, 'AY2022_23', 59, 'pass', '', ''),
(1050, 13, 104, 'AY2022_23', 52, 'pass', '', ''),
(1051, 31, 104, 'AY2022_23', 48, 'pass', '', ''),
(1052, 6, 104, 'AY2022_23', 51, 'pass', '', '');
INSERT INTO `enrolments` (`enrolment_id`, `module_id`, `student_id`, `acad_Yr`, `firstGrade`, `gradeResult`, `resitGrade`, `resitResult`) VALUES
(1053, 8, 104, 'AY2023_24', 57, 'pass', '', ''),
(1054, 9, 104, 'AY2023_24', 48, 'pass', '', ''),
(1055, 10, 104, 'AY2023_24', 52, 'pass', '', ''),
(1056, 30, 104, 'AY2023_24', 76, 'pass', '', ''),
(1057, 11, 104, 'AY2023_24', 65, 'pass', '', ''),
(1058, 1, 105, 'AY2022_23', 43, 'pass', '', ''),
(1059, 12, 105, 'AY2022_23', 55, 'pass', '', ''),
(1060, 2, 105, 'AY2022_23', 50, 'pass', '', ''),
(1061, 13, 105, 'AY2022_23', 43, 'pass', '', ''),
(1062, 4, 105, 'AY2022_23', 60, 'pass', '', ''),
(1063, 6, 105, 'AY2022_23', 45, 'pass', '', ''),
(1064, 8, 105, 'AY2023_24', 54, 'pass', '', ''),
(1065, 9, 105, 'AY2023_24', 8, 'fail', '11', 'fail'),
(1066, 10, 105, 'AY2023_24', 0, 'absent', '11', 'fail'),
(1067, 30, 105, 'AY2023_24', 51, 'pass', '', ''),
(1068, 11, 105, 'AY2023_24', 45, 'pass', '', ''),
(1069, 14, 106, 'AY2023_24', 70, 'pass', '', ''),
(1070, 15, 106, 'AY2023_24', 61, 'pass', '', ''),
(1071, 29, 106, 'AY2023_24', 68, 'pass', '', ''),
(1072, 1, 106, 'AY2023_24', 71, 'pass', '', ''),
(1073, 20, 106, 'AY2023_24', 65, 'pass', '', ''),
(1074, 1, 107, 'AY2021_22', 71, 'pass', '', ''),
(1075, 12, 107, 'AY2021_22', 54, 'pass', '', ''),
(1076, 2, 107, 'AY2021_22', 44, 'pass', '', ''),
(1077, 13, 107, 'AY2021_22', 33, 'fail', '50', 'pass capped'),
(1078, 4, 107, 'AY2021_22', 64, 'pass', '', ''),
(1079, 6, 107, 'AY2021_22', 53, 'pass', '', ''),
(1080, 7, 107, 'AY2022_23', 45, 'pass', '', ''),
(1081, 8, 107, 'AY2022_23', 50, 'pass', '', ''),
(1082, 9, 107, 'AY2022_23', 28, 'fail', '12', 'fail'),
(1083, 10, 107, 'AY2022_23', 14, 'fail', '18', 'fail'),
(1084, 11, 107, 'AY2022_23', 50, 'pass', '', ''),
(1085, 9, 107, 'AY2023_24', 0, 'excused', '41', 'pass capped'),
(1086, 10, 107, 'AY2023_24', 56, 'pass capped', '', ''),
(1087, 1, 108, 'AY2022_23', 40, 'pass', '', ''),
(1088, 2, 108, 'AY2022_23', 51, 'pass', '', ''),
(1089, 3, 108, 'AY2022_23', 40, 'pass', '', ''),
(1090, 4, 108, 'AY2022_23', 11, 'fail', '56', 'pass capped'),
(1091, 31, 108, 'AY2022_23', 47, 'pass', '', ''),
(1092, 6, 108, 'AY2022_23', 59, 'pass', '', ''),
(1093, 8, 108, 'AY2023_24', 48, 'pass', '', ''),
(1094, 9, 108, 'AY2023_24', 18, 'fail', '0', 'absent'),
(1095, 10, 108, 'AY2023_24', 38, 'fail', '0', 'absent'),
(1096, 30, 108, 'AY2023_24', 65, 'pass', '', ''),
(1097, 11, 108, 'AY2023_24', 78, 'pass', '', ''),
(1098, 1, 109, 'AY2022_23', 55, 'pass', '', ''),
(1099, 2, 109, 'AY2022_23', 53, 'pass', '', ''),
(1100, 3, 109, 'AY2022_23', 40, 'pass', '', ''),
(1101, 4, 109, 'AY2022_23', 26, 'fail', '65', 'pass capped'),
(1102, 5, 109, 'AY2022_23', 50, 'pass', '', ''),
(1103, 6, 109, 'AY2022_23', 44, 'pass', '', ''),
(1104, 8, 109, 'AY2023_24', 65, 'pass', '', ''),
(1105, 9, 109, 'AY2023_24', 47, 'pass', '', ''),
(1106, 10, 109, 'AY2023_24', 51, 'pass', '', ''),
(1107, 30, 109, 'AY2023_24', 68, 'pass', '', ''),
(1108, 11, 109, 'AY2023_24', 79, 'pass', '', ''),
(1109, 104, 110, 'AY23_24', 63, 'pass', '', ''),
(1110, 105, 110, 'AY23_24', 63, 'pass', '', ''),
(1111, 106, 110, 'AY23_24', 71, 'pass', '', ''),
(1112, 1, 111, 'AY2020_21', 58, 'pass', '', ''),
(1113, 12, 111, 'AY2020_21', 62, 'pass', '', ''),
(1114, 2, 111, 'AY2020_21', 44, 'pass', '', ''),
(1115, 13, 111, 'AY2020_21', 23, 'fail', '41', 'pass capped'),
(1116, 4, 111, 'AY2020_21', 0, 'fail', '0', 'absent'),
(1117, 6, 111, 'AY2020_21', 52, 'pass', '', ''),
(1118, 4, 111, 'AY2021_22', 14, 'fail', '58', 'pass capped'),
(1119, 8, 111, 'AY2021_22', 44, 'pass', '', ''),
(1120, 9, 111, 'AY2021_22', 53, 'pass', '', ''),
(1121, 10, 111, 'AY2021_22', 35, 'fail', '32', 'fail'),
(1122, 30, 111, 'AY2021_22', 1, 'fail', '0', 'fail'),
(1123, 11, 111, 'AY2021_22', 78, 'pass', '', ''),
(1124, 1, 112, 'AY2019_20', 77, 'pass', '', ''),
(1125, 12, 112, 'AY2019_20', 52, 'pass', '', ''),
(1126, 2, 112, 'AY2019_20', 74, 'pass', '', ''),
(1127, 13, 112, 'AY2019_20', 58, 'pass', '', ''),
(1128, 4, 112, 'AY2019_20', 68, 'pass', '', ''),
(1129, 6, 112, 'AY2019_20', 72, 'pass', '', ''),
(1130, 67, 112, 'AY2020_21', 74, 'pass', '', ''),
(1131, 8, 112, 'AY2020_21', 74, 'pass', '', ''),
(1132, 9, 112, 'AY2020_21', 61, 'pass', '', ''),
(1133, 10, 112, 'AY2020_21', 57, 'pass', '', ''),
(1134, 68, 112, 'AY2020_21', 78, 'pass', '', ''),
(1135, 107, 112, 'AY2020_21', 68, 'pass', '', ''),
(1136, 14, 113, 'AY2023_24', 56, 'pass', '', ''),
(1137, 15, 113, 'AY2023_24', 64, 'pass', '', ''),
(1138, 59, 113, 'AY2023_24', 57, 'pass', '', ''),
(1139, 1, 113, 'AY2023_24', 55, 'pass', '', ''),
(1140, 20, 113, 'AY2023_24', 64, 'pass', '', ''),
(1141, 14, 114, 'AY2023_24', 57, 'pass', '', ''),
(1142, 15, 114, 'AY2023_24', 65, 'pass', '', ''),
(1143, 29, 114, 'AY2023_24', 70, 'pass', '', ''),
(1144, 1, 114, 'AY2021_22', 60, 'pass', '', ''),
(1145, 12, 114, 'AY2021_22', 56, 'pass', '', ''),
(1146, 2, 114, 'AY2021_22', 46, 'pass', '', ''),
(1147, 13, 114, 'AY2021_22', 32, 'fail', '29', 'fail'),
(1148, 4, 114, 'AY2021_22', 46, 'pass', '', ''),
(1149, 6, 114, 'AY2021_22', 29, 'fail', '41', 'pass capped'),
(1150, 13, 114, 'AY2022_23', 0, 'absent', '0', 'absent'),
(1151, 8, 114, 'AY2022_23', 24, 'fail', '0', 'absent'),
(1152, 9, 114, 'AY2022_23', 1, 'fail', '0', 'absent'),
(1153, 10, 114, 'AY2022_23', 0, 'absent', '0', 'absent'),
(1154, 30, 114, 'AY2022_23', 0, 'absent', '0', 'absent'),
(1155, 11, 114, 'AY2022_23', 66, 'pass', '', ''),
(1156, 20, 114, 'AY2023_24', 80, 'pass', '', ''),
(1157, 14, 115, 'AY2022_23', 29, 'fail', '40', 'pass capped'),
(1158, 15, 115, 'AY2022_23', 57, 'pass', '', ''),
(1159, 29, 115, 'AY2022_23', 54, 'pass', '', ''),
(1160, 40, 115, 'AY2023_24', 54, 'pass', '', ''),
(1161, 18, 115, 'AY2023_24', 40, 'pass', '', ''),
(1162, 41, 115, 'AY2023_24', 56, 'pass', '', ''),
(1163, 1, 115, 'AY2022_23', 31, 'fail', '35', 'fail'),
(1164, 20, 115, 'AY2022_23', 45, 'pass', '', ''),
(1165, 1, 115, 'AY2023_24', 49, 'pass capped', '', ''),
(1166, 21, 115, 'AY2023_24', 47, 'pass', '', ''),
(1167, 22, 115, 'AY2023_24', 46, 'pass', '', ''),
(1168, 11, 115, 'AY2023_24', 72, 'pass', '', ''),
(1169, 95, 116, 'AY2018_19', 51, 'pass', '', ''),
(1170, 96, 116, 'AY2018_19', 62, 'pass', '', ''),
(1171, 98, 116, 'AY2018_19', 40, 'pass', '', ''),
(1172, 1, 116, 'AY2018_19', 59, 'pass', '', ''),
(1173, 6, 116, 'AY2018_19', 53, 'pass', '', ''),
(1174, 99, 116, 'AY2019_20', 64, 'pass', '', ''),
(1175, 67, 116, 'AY2020_21', 62, 'pass', '', ''),
(1176, 8, 116, 'AY2020_21', 62, 'pass', '', ''),
(1177, 9, 116, 'AY2020_21', 60, 'pass', '', ''),
(1178, 10, 116, 'AY2020_21', 60, 'pass', '', ''),
(1179, 7, 116, 'AY2020_21', 65, 'pass', '', ''),
(1180, 68, 116, 'AY2020_21', 70, 'pass', '', ''),
(1181, 1, 117, 'AY2020_21', 80, 'pass', '', ''),
(1182, 2, 117, 'AY2020_21', 79, 'pass', '', ''),
(1183, 3, 117, 'AY2020_21', 40, 'pass', '', ''),
(1184, 4, 117, 'AY2020_21', 80, 'pass', '', ''),
(1185, 5, 117, 'AY2020_21', 59, 'pass', '', ''),
(1186, 6, 117, 'AY2020_21', 63, 'pass', '', ''),
(1187, 8, 117, 'AY2021_22', 55, 'pass', '', ''),
(1188, 9, 117, 'AY2021_22', 56, 'pass', '', ''),
(1189, 10, 117, 'AY2021_22', 41, 'pass', '', ''),
(1190, 30, 117, 'AY2021_22', 37, 'fail', '0', 'fail'),
(1191, 11, 117, 'AY2021_22', 72, 'pass', '', ''),
(1192, 14, 118, 'AY2022_23', 49, 'pass', '', ''),
(1193, 15, 118, 'AY2022_23', 51, 'pass', '', ''),
(1194, 1, 118, 'AY2021_22', 21, 'fail', '0', 'absent'),
(1195, 19, 118, 'AY22_23', 0, 'absent', '0', 'absent'),
(1196, 12, 118, 'AY2021_22', 32, 'fail', '0', 'absent'),
(1197, 2, 118, 'AY2021_22', 28, 'fail', '0', 'absent'),
(1198, 13, 118, 'AY2021_22', 25, 'fail', '0', 'absent'),
(1199, 5, 118, 'AY2021_22', 4, 'fail', '0', 'absent'),
(1200, 6, 118, 'AY2021_22', 30, 'fail', '29', 'fail'),
(1201, 1, 118, 'AY2022_23', 11, 'fail', '0', 'absent'),
(1202, 20, 118, 'AY2022_23', 0, 'absent', '0', 'fail'),
(1203, 1, 119, 'AY2022_23', 66, 'pass', '', ''),
(1204, 2, 119, 'AY2022_23', 59, 'pass', '', ''),
(1205, 3, 119, 'AY2022_23', 71, 'pass', '', ''),
(1206, 5, 119, 'AY2022_23', 63, 'pass', '', ''),
(1207, 31, 119, 'AY2022_23', 49, 'pass', '', ''),
(1208, 6, 119, 'AY2022_23', 52, 'pass', '', ''),
(1209, 8, 119, 'AY2023_24', 55, 'pass', '', ''),
(1210, 9, 119, 'AY2023_24', 82, 'pass', '', ''),
(1211, 10, 119, 'AY2023_24', 70, 'pass', '', ''),
(1212, 30, 119, 'AY2023_24', 70, 'pass', '', ''),
(1213, 11, 119, 'AY2023_24', 73, 'pass', '', ''),
(1214, 1, 120, 'AY2022_23', 33, 'fail', '32', 'fail'),
(1215, 12, 120, 'AY2022_23', 23, 'fail', '47', 'pass capped'),
(1216, 2, 120, 'AY2022_23', 42, 'pass', '', ''),
(1217, 13, 120, 'AY2022_23', 11, 'fail', '29', 'fail'),
(1218, 5, 120, 'AY2022_23', 47, 'pass', '', ''),
(1219, 6, 120, 'AY2022_23', 36, 'fail', '43', 'pass capped'),
(1220, 1, 120, 'AY2023_24', 57, 'pass capped', '', ''),
(1221, 13, 120, 'AY2023_24', 33, 'fail', '40', 'pass capped'),
(1222, 108, 121, 'AY23_24', 0, 'excused', '54', 'pass'),
(1223, 109, 121, 'AY23_24', 66, 'pass', '', ''),
(1224, 1, 121, 'AY2023_24', 72, 'pass', '', ''),
(1225, 12, 121, 'AY2023_24', 75, 'pass', '', ''),
(1226, 13, 121, 'AY2023_24', 61, 'pass', '', ''),
(1227, 1, 122, 'AY2022_23', 42, 'pass', '', ''),
(1228, 12, 122, 'AY2022_23', 12, 'fail', '0', 'absent'),
(1229, 2, 122, 'AY2022_23', 39, 'fail', '0', 'absent'),
(1230, 13, 122, 'AY2022_23', 11, 'fail', '0', 'absent'),
(1231, 4, 122, 'AY2022_23', 38, 'fail', '0', 'absent'),
(1232, 6, 122, 'AY2022_23', 33, 'fail', '0', 'absent'),
(1233, 12, 122, 'AY2023_24', 36, 'fail', '0', 'absent'),
(1234, 2, 122, 'AY2023_24', 51, 'pass capped', '', ''),
(1235, 13, 122, 'AY2023_24', 50, 'pass capped', '', ''),
(1236, 4, 122, 'AY2023_24', 17, 'fail', '0', 'fail'),
(1237, 6, 122, 'AY2023_24', 33, 'fail', '0', 'absent'),
(1238, 1, 123, 'AY2022_23', 45, 'pass', '', ''),
(1239, 12, 123, 'AY2022_23', 62, 'pass', '', ''),
(1240, 2, 123, 'AY2022_23', 67, 'pass', '', ''),
(1241, 13, 123, 'AY2022_23', 55, 'pass', '', ''),
(1242, 31, 123, 'AY2022_23', 69, 'pass', '', ''),
(1243, 6, 123, 'AY2022_23', 61, 'pass', '', ''),
(1244, 8, 123, 'AY2023_24', 76, 'pass', '', ''),
(1245, 9, 123, 'AY2023_24', 80, 'pass', '', ''),
(1246, 10, 123, 'AY2023_24', 48, 'pass', '', ''),
(1247, 30, 123, 'AY2023_24', 70, 'pass', '', ''),
(1248, 11, 123, 'AY2023_24', 68, 'pass', '', ''),
(1249, 1, 124, 'AY2021_22', 63, 'pass', '', ''),
(1250, 12, 124, 'AY2021_22', 47, 'pass', '', ''),
(1251, 2, 124, 'AY2021_22', 52, 'pass', '', ''),
(1252, 13, 124, 'AY2021_22', 31, 'fail', '44', 'pass capped'),
(1253, 4, 124, 'AY2021_22', 68, 'pass', '', ''),
(1254, 6, 124, 'AY2021_22', 30, 'fail', '55', 'pass capped'),
(1255, 8, 124, 'AY2022_23', 60, 'pass', '', ''),
(1256, 9, 124, 'AY2022_23', 0, 'excused', '7', 'fail'),
(1257, 10, 124, 'AY2022_23', 40, 'pass', '', ''),
(1258, 30, 124, 'AY2022_23', 20, 'fail', '33', 'fail'),
(1259, 11, 124, 'AY2022_23', 61, 'pass', '', ''),
(1260, 70, 125, 'AY2020_21', 35, 'fail', '', ''),
(1261, 1, 125, 'AY2021_22', 77, 'pass', '', ''),
(1262, 12, 125, 'AY2021_22', 64, 'pass', '', ''),
(1263, 2, 125, 'AY2021_22', 56, 'pass', '', ''),
(1264, 13, 125, 'AY2021_22', 41, 'pass', '', ''),
(1265, 5, 125, 'AY2021_22', 0, 'excused', '44', 'pass'),
(1266, 6, 125, 'AY2021_22', 54, 'pass capped', '', ''),
(1267, 8, 125, 'AY2022_23', 0, 'fail', '48', 'pass capped'),
(1268, 9, 125, 'AY2022_23', 0, 'excused', '0', 'excused'),
(1269, 10, 125, 'AY2022_23', 0, 'absent', '0', 'excused'),
(1270, 30, 125, 'AY2022_23', 0, 'absent', '43', 'pass capped'),
(1271, 11, 125, 'AY2022_23', 20, 'fail', '65', 'pass capped'),
(1272, 9, 125, 'AY2023_24', 0, 'fail', '0', 'absent'),
(1273, 10, 125, 'AY2023_24', 0, 'absent', '33', 'fail'),
(1274, 7, 126, 'AY2022_23', 51, 'pass', '', ''),
(1275, 8, 126, 'AY2022_23', 17, 'fail', '36', 'fail'),
(1276, 9, 126, 'AY2022_23', 64, 'pass', '', ''),
(1277, 10, 126, 'AY2022_23', 81, 'pass', '', ''),
(1278, 11, 126, 'AY2022_23', 54, 'pass', '', ''),
(1279, 8, 126, 'AY2023_24', 56, 'pass capped', '', ''),
(1280, 1, 127, 'AY2021_22', 50, 'pass', '', ''),
(1281, 12, 127, 'AY2021_22', 65, 'pass', '', ''),
(1282, 2, 127, 'AY2021_22', 54, 'pass', '', ''),
(1283, 13, 127, 'AY2021_22', 40, 'pass', '', ''),
(1284, 4, 127, 'AY2021_22', 70, 'pass', '', ''),
(1285, 6, 127, 'AY2021_22', 49, 'pass', '', ''),
(1286, 7, 127, 'AY2022_23', 48, 'pass', '', ''),
(1287, 8, 127, 'AY2022_23', 78, 'pass', '', ''),
(1288, 9, 127, 'AY2022_23', 0, 'excused', '29', 'fail'),
(1289, 10, 127, 'AY2022_23', 47, 'pass', '', ''),
(1290, 11, 127, 'AY2022_23', 91, 'pass', '', ''),
(1291, 14, 128, 'AY2022_23', 0, 'absent', '48', 'pass capped'),
(1292, 15, 128, 'AY2022_23', 21, 'fail', '48', 'pass capped'),
(1293, 29, 128, 'AY2022_23', 56, 'pass', '', ''),
(1294, 17, 128, 'AY2023_24', 14, 'fail', '62', 'pass'),
(1295, 18, 128, 'AY2023_24', 63, 'pass', '', ''),
(1296, 41, 128, 'AY2023_24', 0, 'absent', '48', 'pass capped'),
(1297, 1, 128, 'AY2020_21', 0, 'fail', '', ''),
(1298, 2, 128, 'AY2020_21', 0, 'fail', '48', 'pass capped'),
(1299, 3, 128, 'AY2020_21', 0, 'absent', '', ''),
(1300, 4, 128, 'AY2020_21', 0, 'fail', '0', 'absent'),
(1301, 5, 128, 'AY2020_21', 17, 'fail', '0', 'absent'),
(1302, 6, 128, 'AY2020_21', 0, 'absent', '', ''),
(1303, 1, 128, 'AY2021_22', 22, 'fail', '64', 'pass capped'),
(1304, 3, 128, 'AY2021_22', 0, 'absent', '42', 'pass capped'),
(1305, 4, 128, 'AY2021_22', 0, 'fail', '0', 'absent'),
(1306, 5, 128, 'AY2021_22', 0, 'fail', '36', 'fail'),
(1307, 6, 128, 'AY2021_22', 0, 'absent', '76', 'pass capped'),
(1308, 20, 128, 'AY2022_23', 9, 'fail', '65', 'pass capped'),
(1309, 21, 128, 'AY2023_24', 60, 'pass', '', ''),
(1310, 22, 128, 'AY2023_24', 13, 'fail', '', ''),
(1311, 11, 128, 'AY2023_24', 67, 'pass', '', ''),
(1312, 14, 129, 'AY2021_22', 66, 'pass', '', ''),
(1313, 15, 129, 'AY2021_22', 68, 'pass', '', ''),
(1314, 29, 129, 'AY2021_22', 58, 'pass', '', ''),
(1315, 16, 129, 'AY2022_23', 58, 'pass', '', ''),
(1316, 17, 129, 'AY2022_23', 63, 'pass', '', ''),
(1317, 18, 129, 'AY2022_23', 65, 'pass', '', ''),
(1318, 1, 130, 'AY2019_20', 37, 'fail', '40', 'pass'),
(1319, 12, 130, 'AY2019_20', 34, 'fail', '68', 'pass capped'),
(1320, 2, 130, 'AY2019_20', 27, 'fail', '55', 'pass capped'),
(1321, 13, 130, 'AY2019_20', 40, 'pass', '', ''),
(1322, 4, 130, 'AY2019_20', 52, 'pass', '', ''),
(1323, 6, 130, 'AY2019_20', 52, 'pass', '', ''),
(1324, 12, 129, 'AY2020_21', 65, 'pass', '', ''),
(1325, 2, 129, 'AY2020_21', 53, 'pass', '', ''),
(1326, 6, 129, 'AY2020_21', 41, 'pass', '', ''),
(1327, 67, 130, 'AY2020_21', 68, 'pass', '', ''),
(1328, 8, 130, 'AY2020_21', 58, 'pass', '', ''),
(1329, 9, 130, 'AY2020_21', 0, 'excused', '0', 'excused'),
(1330, 10, 130, 'AY2020_21', 0, 'excused', '0', 'excused'),
(1331, 68, 130, 'AY2020_21', 75, 'pass', '', ''),
(1332, 7, 130, 'AY2020_21', 56, 'pass', '', ''),
(1333, 1, 129, 'AY2021_22', 64, 'pass', '', ''),
(1334, 20, 129, 'AY2021_22', 53, 'pass', '', ''),
(1335, 9, 130, 'AY2021_22', 0, 'absent', '22', 'fail'),
(1336, 10, 130, 'AY2021_22', 7, 'fail', '24', 'fail'),
(1337, 21, 129, 'AY2022_23', 38, 'fail', '67', 'pass capped'),
(1338, 22, 129, 'AY2022_23', 74, 'pass', '', ''),
(1339, 11, 129, 'AY2022_23', 76, 'pass', '', ''),
(1340, 9, 130, 'AY2023_24', 0, 'fail', '15', 'fail'),
(1341, 1, 131, 'AY2021_22', 90, 'pass', '', ''),
(1342, 12, 131, 'AY2021_22', 88, 'pass', '', ''),
(1343, 2, 131, 'AY2021_22', 94, 'pass', '', ''),
(1344, 13, 131, 'AY2021_22', 95, 'pass', '', ''),
(1345, 4, 131, 'AY2021_22', 76, 'pass', '', ''),
(1346, 6, 131, 'AY2021_22', 99, 'pass', '', ''),
(1347, 8, 131, 'AY2022_23', 98, 'pass', '', ''),
(1348, 9, 131, 'AY2022_23', 95, 'pass', '', ''),
(1349, 10, 131, 'AY2022_23', 97, 'pass', '', ''),
(1350, 30, 131, 'AY2022_23', 98, 'pass', '', ''),
(1351, 11, 131, 'AY2022_23', 83, 'pass', '', ''),
(1352, 8, 132, 'AY2022_23', 53, 'pass', '', ''),
(1353, 9, 132, 'AY2022_23', 0, 'excused', '71', 'pass'),
(1354, 10, 132, 'AY2022_23', 0, 'excused', '37', 'fail'),
(1355, 30, 132, 'AY2022_23', 65, 'pass', '', ''),
(1356, 11, 132, 'AY2022_23', 82, 'pass', '', ''),
(1357, 14, 133, 'AY2020_21', 61, 'pass', '', ''),
(1358, 15, 133, 'AY2020_21', 57, 'pass', '', ''),
(1359, 29, 133, 'AY2020_21', 51, 'pass', '', ''),
(1360, 16, 133, 'AY2021_22', 0, 'excused', '0', 'absent'),
(1361, 40, 133, 'AY2021_22', 66, 'pass', '', ''),
(1362, 18, 133, 'AY2021_22', 55, 'pass', '', ''),
(1363, 1, 133, 'AY2020_21', 61, 'pass', '', ''),
(1364, 20, 133, 'AY2020_21', 62, 'pass', '', ''),
(1365, 21, 133, 'AY2021_22', 45, 'pass', '', ''),
(1366, 22, 133, 'AY2021_22', 40, 'pass', '', ''),
(1367, 11, 133, 'AY2021_22', 75, 'pass', '', ''),
(1368, 1, 134, 'AY2022_23', 60, 'pass', '', ''),
(1369, 2, 134, 'AY2022_23', 47, 'pass', '', ''),
(1370, 3, 134, 'AY2022_23', 34, 'fail', '42', 'pass capped'),
(1371, 5, 134, 'AY2022_23', 65, 'pass', '', ''),
(1372, 31, 134, 'AY2022_23', 44, 'pass', '', ''),
(1373, 6, 134, 'AY2022_23', 56, 'pass', '', ''),
(1374, 7, 134, 'AY2023_24', 47, 'pass', '', ''),
(1375, 8, 134, 'AY2023_24', 61, 'pass', '', ''),
(1376, 9, 134, 'AY2023_24', 15, 'fail', '18', 'fail'),
(1377, 10, 134, 'AY2023_24', 33, 'fail', '35', 'fail'),
(1378, 11, 134, 'AY2023_24', 59, 'pass', '', ''),
(1379, 67, 135, 'AY2020_21', 0, 'fail', '0', 'excused'),
(1380, 8, 135, 'AY2020_21', 29, 'fail', '0', 'excused'),
(1381, 9, 135, 'AY2020_21', 6, 'fail', '0', 'excused'),
(1382, 10, 135, 'AY2020_21', 0, 'absent', '0', 'excused'),
(1383, 68, 135, 'AY2020_21', 0, 'fail', '0', 'excused'),
(1384, 7, 135, 'AY2020_21', 0, 'absent', '48', 'pass capped'),
(1385, 8, 135, 'AY2021_22', 0, 'fail', '0', 'absent'),
(1386, 9, 135, 'AY2021_22', 55, 'pass', '', ''),
(1387, 10, 135, 'AY2021_22', 0, 'absent', '33', 'fail'),
(1388, 11, 135, 'AY2021_22', 51, 'pass', '', ''),
(1389, 8, 135, 'AY2022_23', 0, 'fail', '35', 'fail'),
(1390, 10, 135, 'AY2022_23', 45, 'pass capped', '', ''),
(1391, 14, 136, 'AY2022_23', 38, 'fail', '49', 'pass capped'),
(1392, 15, 136, 'AY2022_23', 63, 'pass', '', ''),
(1393, 29, 136, 'AY2022_23', 58, 'pass', '', ''),
(1394, 40, 136, 'AY2023_24', 60, 'pass', '', ''),
(1395, 18, 136, 'AY2023_24', 68, 'pass', '', ''),
(1396, 41, 136, 'AY2023_24', 56, 'pass', '', ''),
(1397, 1, 136, 'AY2022_23', 43, 'pass', '', ''),
(1398, 20, 136, 'AY2022_23', 54, 'pass', '', ''),
(1399, 21, 136, 'AY2023_24', 63, 'pass', '', ''),
(1400, 22, 136, 'AY2023_24', 32, 'fail', '', ''),
(1401, 11, 136, 'AY2023_24', 73, 'pass', '', ''),
(1402, 14, 137, 'AY2021_22', 61, 'pass', '', ''),
(1403, 15, 137, 'AY2021_22', 66, 'pass', '', ''),
(1404, 29, 137, 'AY2021_22', 52, 'pass', '', ''),
(1405, 16, 137, 'AY2022_23', 62, 'pass', '', ''),
(1406, 88, 137, 'AY2022_23', 35, 'fail', '35', 'fail'),
(1407, 18, 137, 'AY2022_23', 58, 'pass', '', ''),
(1408, 1, 137, 'AY2021_22', 68, 'pass', '', ''),
(1409, 20, 137, 'AY2021_22', 51, 'pass', '', ''),
(1410, 21, 137, 'AY2022_23', 62, 'pass', '', ''),
(1411, 22, 137, 'AY2022_23', 28, 'fail', '0', 'absent'),
(1412, 11, 137, 'AY2022_23', 71, 'pass', '', ''),
(1413, 1, 138, 'AY2020_21', 52, 'pass', '', ''),
(1414, 12, 138, 'AY2020_21', 42, 'pass', '', ''),
(1415, 2, 138, 'AY2020_21', 58, 'pass', '', ''),
(1416, 13, 138, 'AY2020_21', 56, 'pass', '', ''),
(1417, 5, 138, 'AY2020_21', 55, 'pass', '', ''),
(1418, 6, 138, 'AY2020_21', 49, 'pass', '', ''),
(1419, 7, 138, 'AY2021_22', 44, 'pass', '', ''),
(1420, 8, 138, 'AY2021_22', 67, 'pass', '', ''),
(1421, 9, 138, 'AY2021_22', 31, 'fail', '0', 'absent'),
(1422, 10, 138, 'AY2021_22', 0, 'absent', '40', 'pass capped'),
(1423, 11, 138, 'AY2021_22', 69, 'pass', '', ''),
(1424, 1, 139, 'AY2023_24', 67, 'pass', '', ''),
(1425, 2, 139, 'AY2023_24', 66, 'pass', '', ''),
(1426, 3, 139, 'AY2023_24', 48, 'pass', '', ''),
(1427, 4, 139, 'AY2023_24', 52, 'pass', '', ''),
(1428, 31, 139, 'AY2023_24', 73, 'pass', '', ''),
(1429, 6, 139, 'AY2023_24', 54, 'pass', '', ''),
(1430, 1, 140, 'AY2019_20', 73, 'pass', '', ''),
(1431, 2, 140, 'AY2019_20', 63, 'pass', '', ''),
(1432, 3, 140, 'AY2019_20', 56, 'pass', '', ''),
(1433, 4, 140, 'AY2019_20', 68, 'pass', '', ''),
(1434, 5, 140, 'AY2019_20', 89, 'pass', '', ''),
(1435, 6, 140, 'AY2019_20', 62, 'pass', '', ''),
(1436, 67, 140, 'AY2020_21', 70, 'pass', '', ''),
(1437, 8, 140, 'AY2020_21', 59, 'pass', '', ''),
(1438, 9, 140, 'AY2020_21', 76, 'pass', '', ''),
(1439, 10, 140, 'AY2020_21', 74, 'pass', '', ''),
(1440, 30, 140, 'AY2020_21', 70, 'pass', '', ''),
(1441, 68, 140, 'AY2020_21', 74, 'pass', '', ''),
(1442, 14, 141, 'AY2022_23', 47, 'pass', '', ''),
(1443, 15, 141, 'AY2022_23', 58, 'pass', '', ''),
(1444, 59, 141, 'AY2022_23', 55, 'pass', '', ''),
(1445, 40, 141, 'AY2023_24', 57, 'pass', '', ''),
(1446, 18, 141, 'AY2023_24', 60, 'pass', '', ''),
(1447, 41, 141, 'AY2023_24', 60, 'pass', '', ''),
(1448, 1, 141, 'AY2022_23', 46, 'pass', '', ''),
(1449, 20, 141, 'AY2022_23', 34, 'fail', '40', 'pass capped'),
(1450, 21, 141, 'AY2023_24', 68, 'pass', '', ''),
(1451, 22, 141, 'AY2023_24', 45, 'pass', '', ''),
(1452, 11, 141, 'AY2023_24', 53, 'pass', '', ''),
(1453, 14, 142, 'AY2022_23', 68, 'pass', '', ''),
(1454, 15, 142, 'AY2022_23', 63, 'pass', '', ''),
(1455, 29, 142, 'AY2022_23', 53, 'pass', '', ''),
(1456, 40, 142, 'AY2023_24', 54, 'pass', '', ''),
(1457, 18, 142, 'AY2023_24', 64, 'pass', '', ''),
(1458, 41, 142, 'AY2023_24', 62, 'pass', '', ''),
(1459, 1, 142, 'AY2022_23', 35, 'fail', '40', 'pass capped'),
(1460, 20, 142, 'AY2022_23', 42, 'pass', '', ''),
(1461, 21, 142, 'AY2023_24', 57, 'pass', '', ''),
(1462, 22, 142, 'AY2023_24', 44, 'pass', '', ''),
(1463, 11, 142, 'AY2023_24', 75, 'pass', '', ''),
(1464, 1, 143, 'AY2023_24', 38, 'fail', '44', 'pass capped'),
(1465, 12, 143, 'AY2023_24', 37, 'fail', '32', 'fail'),
(1466, 2, 143, 'AY2023_24', 49, 'pass', '', ''),
(1467, 13, 143, 'AY2023_24', 34, 'fail', '0', 'excused'),
(1468, 31, 143, 'AY2023_24', 69, 'pass', '', ''),
(1469, 6, 143, 'AY2023_24', 21, 'fail', '54', 'pass capped'),
(1470, 1, 144, 'AY2021_22', 70, 'pass', '', ''),
(1471, 2, 144, 'AY2021_22', 41, 'pass', '', ''),
(1472, 3, 144, 'AY2021_22', 62, 'pass', '', ''),
(1473, 4, 144, 'AY2021_22', 55, 'pass', '', ''),
(1474, 5, 144, 'AY2021_22', 66, 'pass', '', ''),
(1475, 6, 144, 'AY2021_22', 43, 'pass', '', ''),
(1476, 8, 144, 'AY2022_23', 56, 'pass', '', ''),
(1477, 9, 144, 'AY2022_23', 37, 'fail', '0', 'absent'),
(1478, 10, 144, 'AY2022_23', 0, 'excused', '0', 'absent'),
(1479, 30, 144, 'AY2022_23', 0, 'excused', '63', 'pass'),
(1480, 11, 144, 'AY2022_23', 68, 'pass', '', ''),
(1481, 14, 145, 'AY2022_23', 62, 'pass', '', ''),
(1482, 15, 145, 'AY2022_23', 68, 'pass', '', ''),
(1483, 29, 145, 'AY2022_23', 58, 'pass', '', ''),
(1484, 40, 145, 'AY2023_24', 66, 'pass', '', ''),
(1485, 18, 145, 'AY2023_24', 64, 'pass', '', ''),
(1486, 41, 145, 'AY2023_24', 0, 'excused', '63', 'pass'),
(1487, 1, 145, 'AY2022_23', 70, 'pass', '', ''),
(1488, 20, 145, 'AY2022_23', 81, 'pass', '', ''),
(1489, 21, 145, 'AY2023_24', 68, 'pass', '', ''),
(1490, 22, 145, 'AY2023_24', 79, 'pass', '', ''),
(1491, 11, 145, 'AY2023_24', 90, 'pass', '', ''),
(1492, 14, 146, 'AY2022_23', 54, 'pass', '', ''),
(1493, 15, 146, 'AY2022_23', 64, 'pass', '', ''),
(1494, 17, 146, 'AY2023_24', 0, 'absent', '52', 'pass'),
(1495, 18, 146, 'AY2023_24', 67, 'pass', '', ''),
(1496, 19, 146, 'AY22_23', 52, 'pass', '', ''),
(1497, 41, 146, 'AY2023_24', 65, 'pass', '', ''),
(1498, 1, 146, 'AY2022_23', 31, 'fail', '28', 'fail'),
(1499, 20, 146, 'AY2022_23', 37, 'fail', '70', 'pass capped'),
(1500, 1, 146, 'AY2023_24', 34, 'fail', '27', 'fail'),
(1501, 21, 146, 'AY2023_24', 66, 'pass', '', ''),
(1502, 22, 146, 'AY2023_24', 0, 'absent', '0', 'absent'),
(1503, 11, 146, 'AY2023_24', 82, 'pass', '', ''),
(1504, 1, 147, 'AY2021_22', 87, 'pass', '', ''),
(1505, 2, 147, 'AY2021_22', 83, 'pass', '', ''),
(1506, 3, 147, 'AY2021_22', 86, 'pass', '', ''),
(1507, 4, 147, 'AY2021_22', 79, 'pass', '', ''),
(1508, 5, 147, 'AY2021_22', 72, 'pass', '', ''),
(1509, 6, 147, 'AY2021_22', 85, 'pass', '', ''),
(1510, 8, 147, 'AY2022_23', 61, 'pass', '', ''),
(1511, 9, 147, 'AY2022_23', 69, 'pass', '', ''),
(1512, 10, 147, 'AY2022_23', 79, 'pass', '', ''),
(1513, 30, 147, 'AY2022_23', 67, 'pass', '', ''),
(1514, 11, 147, 'AY2022_23', 81, 'pass', '', ''),
(1515, 14, 148, 'AY2023_24', 0, 'excused', '0', 'excused'),
(1516, 15, 148, 'AY2023_24', 65, 'pass', '', ''),
(1517, 19, 148, 'AY23_24', 66, 'pass', '', ''),
(1518, 1, 148, 'AY2023_24', 72, 'pass', '', ''),
(1519, 20, 148, 'AY2023_24', 64, 'pass', '', ''),
(1520, 14, 149, 'AY2020_21', 69, 'pass', '', ''),
(1521, 15, 149, 'AY2020_21', 62, 'pass', '', ''),
(1522, 29, 149, 'AY2020_21', 66, 'pass', '', ''),
(1523, 16, 149, 'AY2021_22', 58, 'pass', '', ''),
(1524, 17, 149, 'AY2021_22', 57, 'pass', '', ''),
(1525, 18, 149, 'AY2021_22', 60, 'pass', '', ''),
(1526, 1, 149, 'AY2020_21', 55, 'pass', '', ''),
(1527, 20, 149, 'AY2020_21', 75, 'pass', '', ''),
(1528, 21, 149, 'AY2021_22', 56, 'pass', '', ''),
(1529, 22, 149, 'AY2021_22', 55, 'pass', '', ''),
(1530, 11, 149, 'AY2021_22', 68, 'pass', '', ''),
(1531, 1, 150, 'AY2023_24', 61, 'pass', '', ''),
(1532, 12, 150, 'AY2023_24', 37, 'fail', '32', 'fail'),
(1533, 2, 150, 'AY2023_24', 54, 'pass', '', ''),
(1534, 13, 150, 'AY2023_24', 65, 'pass', '', ''),
(1535, 31, 150, 'AY2023_24', 72, 'pass', '', ''),
(1536, 6, 150, 'AY2023_24', 40, 'pass', '', ''),
(1537, 1, 151, 'AY2020_21', 51, 'pass', '', ''),
(1538, 12, 151, 'AY2020_21', 58, 'pass', '', ''),
(1539, 2, 151, 'AY2020_21', 61, 'pass', '', ''),
(1540, 13, 151, 'AY2020_21', 43, 'pass', '', ''),
(1541, 5, 151, 'AY2020_21', 62, 'pass', '', ''),
(1542, 6, 151, 'AY2020_21', 26, 'fail', '66', 'pass capped'),
(1543, 7, 151, 'AY2021_22', 45, 'pass', '', ''),
(1544, 8, 151, 'AY2021_22', 53, 'pass', '', ''),
(1545, 9, 151, 'AY2021_22', 15, 'fail', '28', 'fail'),
(1546, 10, 151, 'AY2021_22', 41, 'pass', '', ''),
(1547, 11, 151, 'AY2021_22', 67, 'pass', '', ''),
(1548, 9, 151, 'AY2022_23', 0, 'absent', '0', 'absent'),
(1549, 1, 152, 'AY2021_22', 67, 'pass', '', ''),
(1550, 12, 152, 'AY2021_22', 71, 'pass', '', ''),
(1551, 2, 152, 'AY2021_22', 74, 'pass', '', ''),
(1552, 13, 152, 'AY2021_22', 62, 'pass', '', ''),
(1553, 4, 152, 'AY2021_22', 77, 'pass', '', ''),
(1554, 6, 152, 'AY2021_22', 51, 'pass', '', ''),
(1555, 8, 152, 'AY2022_23', 45, 'pass', '', ''),
(1556, 9, 152, 'AY2022_23', 50, 'pass', '', ''),
(1557, 10, 152, 'AY2022_23', 0, 'excused', '66', 'pass'),
(1558, 30, 152, 'AY2022_23', 84, 'pass', '', ''),
(1559, 11, 152, 'AY2022_23', 73, 'pass', '', ''),
(1560, 8, 153, 'AY2023_24', 60, 'pass', '', ''),
(1561, 9, 153, 'AY2023_24', 22, 'fail', '73', 'pass capped'),
(1562, 10, 153, 'AY2023_24', 61, 'pass', '', ''),
(1563, 30, 153, 'AY2023_24', 73, 'pass', '', ''),
(1564, 11, 153, 'AY2023_24', 86, 'pass', '', ''),
(1565, 1, 154, 'AY2022_23', 66, 'pass', '', ''),
(1566, 2, 154, 'AY2022_23', 24, 'fail', '63', 'pass capped'),
(1567, 3, 154, 'AY2022_23', 45, 'pass', '', ''),
(1568, 4, 154, 'AY2022_23', 60, 'pass', '', ''),
(1569, 31, 154, 'AY2022_23', 65, 'pass', '', ''),
(1570, 6, 154, 'AY2022_23', 58, 'pass', '', ''),
(1571, 7, 154, 'AY2023_24', 58, 'pass', '', ''),
(1572, 8, 154, 'AY2023_24', 53, 'pass', '', ''),
(1573, 9, 154, 'AY2023_24', 46, 'pass', '', ''),
(1574, 10, 154, 'AY2023_24', 55, 'pass', '', ''),
(1575, 11, 154, 'AY2023_24', 81, 'pass', '', ''),
(1576, 14, 155, 'AY2023_24', 73, 'pass', '', ''),
(1577, 15, 155, 'AY2023_24', 62, 'pass', '', ''),
(1578, 59, 155, 'AY2023_24', 61, 'pass', '', ''),
(1579, 1, 155, 'AY2023_24', 57, 'pass', '', ''),
(1580, 20, 155, 'AY2023_24', 71, 'pass', '', ''),
(1581, 14, 156, 'AY2019_20', 84, 'pass', '', ''),
(1582, 15, 156, 'AY2019_20', 54, 'pass', '', ''),
(1583, 29, 156, 'AY2019_20', 68, 'pass', '', ''),
(1584, 16, 156, 'AY2020_21', 65, 'pass', '', ''),
(1585, 88, 156, 'AY2020_21', 0, 'excused', '63', 'pass'),
(1586, 18, 156, 'AY2020_21', 52, 'pass', '', ''),
(1587, 1, 156, 'AY2019_20', 64, 'pass', '', ''),
(1588, 20, 156, 'AY2019_20', 88, 'pass', '', ''),
(1589, 67, 156, 'AY2020_21', 65, 'pass', '', ''),
(1590, 21, 156, 'AY2020_21', 61, 'pass', '', ''),
(1591, 22, 156, 'AY2020_21', 47, 'pass', '', ''),
(1592, 68, 156, 'AY2020_21', 65, 'pass', '', ''),
(1593, 108, 157, 'AY23_24', 46, 'pass', '', ''),
(1594, 109, 157, 'AY23_24', 61, 'pass', '', ''),
(1595, 1, 157, 'AY2023_24', 63, 'pass', '', ''),
(1596, 12, 157, 'AY2023_24', 56, 'pass', '', ''),
(1597, 13, 157, 'AY2023_24', 51, 'pass', '', ''),
(1598, 14, 158, 'AY2021_22', 48, 'pass', '', ''),
(1599, 15, 158, 'AY2021_22', 62, 'pass', '', ''),
(1600, 16, 158, 'AY2022_23', 31, 'fail', '0', 'fail'),
(1601, 88, 158, 'AY2022_23', 0, 'absent', '0', 'fail'),
(1602, 18, 158, 'AY2022_23', 0, 'absent', '37', 'fail'),
(1603, 16, 158, 'AY2023_24', 63, 'pass capped', '', ''),
(1604, 88, 158, 'AY2023_24', 47, 'pass capped', '', ''),
(1605, 18, 158, 'AY2023_24', 60, 'pass capped', '', ''),
(1606, 19, 158, 'AY21_22', 58, 'pass', '', ''),
(1607, 1, 158, 'AY2021_22', 40, 'pass', '', ''),
(1608, 20, 158, 'AY2021_22', 51, 'pass', '', ''),
(1609, 21, 158, 'AY2022_23', 0, 'absent', '0', 'absent'),
(1610, 22, 158, 'AY2022_23', 9, 'fail', '0', 'absent'),
(1611, 11, 158, 'AY2022_23', 70, 'pass', '', ''),
(1612, 21, 158, 'AY2023_24', 0, 'absent', '0', 'absent'),
(1613, 22, 158, 'AY2023_24', 0, 'absent', '0', 'absent'),
(1614, 14, 159, 'AY2021_22', 67, 'pass', '', ''),
(1615, 15, 159, 'AY2021_22', 57, 'pass', '', ''),
(1616, 29, 159, 'AY2021_22', 60, 'pass', '', ''),
(1617, 16, 159, 'AY2022_23', 0, 'absent', '0', 'fail'),
(1618, 40, 159, 'AY2022_23', 0, 'fail', '0', 'fail'),
(1619, 18, 159, 'AY2022_23', 0, 'absent', '0', 'fail'),
(1620, 16, 159, 'AY2023_24', 62, 'pass capped', '', ''),
(1621, 40, 159, 'AY2023_24', 49, 'pass capped', '', ''),
(1622, 18, 159, 'AY2023_24', 55, 'pass capped', '', ''),
(1623, 1, 159, 'AY2021_22', 58, 'pass', '', ''),
(1624, 20, 159, 'AY2021_22', 51, 'pass', '', ''),
(1625, 21, 159, 'AY2022_23', 0, 'absent', '0', 'absent'),
(1626, 22, 159, 'AY2022_23', 17, 'fail', '0', 'absent'),
(1627, 11, 159, 'AY2022_23', 18, 'fail', '0', 'absent'),
(1628, 21, 159, 'AY2023_24', 68, 'pass capped', '', ''),
(1629, 22, 159, 'AY2023_24', 65, 'pass capped', '', ''),
(1630, 11, 159, 'AY2023_24', 76, 'pass capped', '', ''),
(1631, 14, 160, 'AY2023_24', 50, 'pass', '', ''),
(1632, 15, 160, 'AY2023_24', 62, 'pass', '', ''),
(1633, 29, 160, 'AY2023_24', 56, 'pass', '', ''),
(1634, 40, 95, 'AY2023_24', 52, 'pass', '', ''),
(1635, 40, 161, 'AY2023_24', 52, 'pass', '', ''),
(1636, 18, 95, 'AY2023_24', 0, 'excused', '63', 'pass'),
(1637, 18, 161, 'AY2023_24', 0, 'excused', '63', 'pass'),
(1638, 41, 95, 'AY2023_24', 57, 'pass', '', ''),
(1639, 41, 161, 'AY2023_24', 57, 'pass', '', ''),
(1640, 1, 160, 'AY2023_24', 45, 'pass', '', ''),
(1641, 20, 160, 'AY2023_24', 60, 'pass', '', ''),
(1642, 21, 95, 'AY2023_24', 63, 'pass', '', ''),
(1643, 21, 161, 'AY2023_24', 63, 'pass', '', ''),
(1644, 22, 95, 'AY2023_24', 32, 'fail', '0', 'absent'),
(1645, 22, 161, 'AY2023_24', 32, 'fail', '0', 'absent'),
(1646, 11, 95, 'AY2023_24', 48, 'pass', '', ''),
(1647, 11, 161, 'AY2023_24', 48, 'pass', '', ''),
(1648, 1, 162, 'AY2021_22', 67, 'pass', '', ''),
(1649, 12, 162, 'AY2021_22', 68, 'pass', '', ''),
(1650, 2, 162, 'AY2021_22', 42, 'pass', '', ''),
(1651, 13, 162, 'AY2021_22', 60, 'pass', '', ''),
(1652, 4, 162, 'AY2021_22', 54, 'pass', '', ''),
(1653, 6, 162, 'AY2021_22', 62, 'pass', '', ''),
(1654, 8, 162, 'AY2022_23', 53, 'pass', '', ''),
(1655, 9, 162, 'AY2022_23', 30, 'fail', '77', 'pass capped'),
(1656, 10, 162, 'AY2022_23', 68, 'pass', '', ''),
(1657, 30, 162, 'AY2022_23', 60, 'pass', '', ''),
(1658, 11, 162, 'AY2022_23', 70, 'pass', '', ''),
(1659, 14, 163, 'AY2023_24', 62, 'pass', '', ''),
(1660, 15, 163, 'AY2023_24', 66, 'pass', '', ''),
(1661, 59, 163, 'AY2023_24', 58, 'pass', '', ''),
(1662, 1, 163, 'AY2023_24', 65, 'pass', '', ''),
(1663, 20, 163, 'AY2023_24', 59, 'pass', '', ''),
(1664, 1, 164, 'AY2021_22', 58, 'pass', '', ''),
(1665, 12, 164, 'AY2021_22', 61, 'pass', '', ''),
(1666, 2, 164, 'AY2021_22', 63, 'pass', '', ''),
(1667, 13, 164, 'AY2021_22', 40, 'pass', '', ''),
(1668, 4, 164, 'AY2021_22', 53, 'pass', '', ''),
(1669, 6, 164, 'AY2021_22', 66, 'pass', '', ''),
(1670, 7, 164, 'AY2022_23', 44, 'pass', '', ''),
(1671, 8, 164, 'AY2022_23', 52, 'pass', '', ''),
(1672, 9, 164, 'AY2022_23', 27, 'fail', '14', 'fail'),
(1673, 10, 164, 'AY2022_23', 21, 'fail', '43', 'pass capped'),
(1674, 11, 164, 'AY2022_23', 79, 'pass', '', ''),
(1675, 14, 165, 'AY2021_22', 55, 'pass', '', ''),
(1676, 15, 165, 'AY2021_22', 57, 'pass', '', ''),
(1677, 59, 165, 'AY2021_22', 60, 'pass', '', ''),
(1678, 16, 165, 'AY2022_23', 62, 'pass', '', ''),
(1679, 40, 165, 'AY2022_23', 58, 'pass', '', ''),
(1680, 18, 165, 'AY2022_23', 48, 'pass', '', ''),
(1681, 1, 165, 'AY2021_22', 67, 'pass', '', ''),
(1682, 20, 165, 'AY2021_22', 49, 'pass', '', ''),
(1683, 21, 165, 'AY2022_23', 35, 'fail', '47', 'pass capped'),
(1684, 22, 165, 'AY2022_23', 12, 'fail', '0', 'absent'),
(1685, 11, 165, 'AY2022_23', 64, 'pass', '', ''),
(1686, 14, 166, 'AY2023_24', 67, 'pass', '', ''),
(1687, 15, 166, 'AY2023_24', 56, 'pass', '', ''),
(1688, 29, 166, 'AY2023_24', 68, 'pass', '', ''),
(1689, 1, 166, 'AY2023_24', 63, 'pass', '', ''),
(1690, 20, 166, 'AY2023_24', 67, 'pass', '', ''),
(1691, 14, 167, 'AY2021_22', 64, 'pass', '', ''),
(1692, 15, 167, 'AY2021_22', 54, 'pass', '', ''),
(1693, 16, 167, 'AY2022_23', 58, 'pass', '', ''),
(1694, 88, 167, 'AY2022_23', 72, 'pass', '', ''),
(1695, 18, 167, 'AY2022_23', 60, 'pass', '', ''),
(1696, 1, 167, 'AY2021_22', 70, 'pass', '', ''),
(1697, 20, 167, 'AY2021_22', 88, 'pass', '', ''),
(1698, 19, 167, 'AY21_22', 63, 'pass', '', ''),
(1699, 21, 167, 'AY2022_23', 63, 'pass', '', ''),
(1700, 22, 167, 'AY2022_23', 61, 'pass', '', ''),
(1701, 11, 167, 'AY2022_23', 77, 'pass', '', ''),
(1702, 1, 168, 'AY2023_24', 44, 'pass', '', ''),
(1703, 12, 168, 'AY2023_24', 0, 'excused', '45', 'pass'),
(1704, 2, 168, 'AY2023_24', 33, 'fail', '53', 'pass capped'),
(1705, 13, 168, 'AY2023_24', 18, 'fail', '48', 'pass capped'),
(1706, 31, 168, 'AY2023_24', 55, 'pass', '', ''),
(1707, 6, 168, 'AY2023_24', 0, 'excused', '20', 'fail'),
(1708, 1, 169, 'AY2021_22', 84, 'pass', '', ''),
(1709, 2, 169, 'AY2021_22', 88, 'pass', '', ''),
(1710, 3, 169, 'AY2021_22', 90, 'pass', '', ''),
(1711, 4, 169, 'AY2021_22', 84, 'pass', '', ''),
(1712, 5, 169, 'AY2021_22', 74, 'pass', '', ''),
(1713, 6, 169, 'AY2021_22', 93, 'pass', '', ''),
(1714, 8, 169, 'AY2022_23', 70, 'pass', '', ''),
(1715, 9, 169, 'AY2022_23', 91, 'pass', '', ''),
(1716, 10, 169, 'AY2022_23', 76, 'pass', '', ''),
(1717, 30, 169, 'AY2022_23', 78, 'pass', '', ''),
(1718, 11, 169, 'AY2022_23', 74, 'pass', '', ''),
(1719, 1, 170, 'AY2019_20', 61, 'pass', '', ''),
(1720, 12, 170, 'AY2019_20', 53, 'pass', '', ''),
(1721, 2, 171, 'AY2019_20', 47, 'pass', '', ''),
(1722, 13, 170, 'AY2019_20', 40, 'pass', '', ''),
(1723, 4, 170, 'AY2019_20', 40, 'pass', '', ''),
(1724, 6, 170, 'AY2019_20', 62, 'pass', '', ''),
(1725, 67, 170, 'AY2020_21', 65, 'pass', '', ''),
(1726, 8, 170, 'AY2020_21', 0, 'excused', '50', 'pass'),
(1727, 9, 170, 'AY2020_21', 0, 'excused', '0', 'excused'),
(1728, 10, 170, 'AY2020_21', 0, 'excused', '0', 'excused'),
(1729, 68, 170, 'AY2020_21', 50, 'pass', '', ''),
(1730, 7, 170, 'AY2020_21', 0, 'excused', '66', 'pass'),
(1731, 9, 170, 'AY2021_22', 0, 'excused', '0', 'excused'),
(1732, 10, 170, 'AY2021_22', 0, 'absent', '0', 'excused'),
(1733, 9, 170, 'AY2022_23', 0, 'absent', '1', 'fail'),
(1734, 10, 170, 'AY2022_23', 0, 'excused', '27', 'fail'),
(1735, 1, 172, 'AY2020_21', 0, 'excused', '70', 'pass'),
(1736, 12, 172, 'AY2020_21', 75, 'pass', '', ''),
(1737, 2, 172, 'AY2020_21', 78, 'pass', '', ''),
(1738, 13, 172, 'AY2020_21', 43, 'pass', '', ''),
(1739, 4, 172, 'AY2020_21', 0, 'excused', '0', 'excused'),
(1740, 6, 172, 'AY2020_21', 61, 'pass', '', ''),
(1741, 4, 172, 'AY2021_22', 0, 'fail', '40', 'pass capped'),
(1742, 8, 172, 'AY2021_22', 56, 'pass', '', ''),
(1743, 9, 172, 'AY2021_22', 0, 'absent', '47', 'pass capped'),
(1744, 10, 172, 'AY2021_22', 41, 'pass', '', ''),
(1745, 30, 172, 'AY2021_22', 37, 'fail', '50', 'pass capped'),
(1746, 11, 172, 'AY2021_22', 77, 'pass', '', ''),
(1747, 1, 173, 'AY2022_23', 60, 'pass', '', ''),
(1748, 2, 173, 'AY2022_23', 68, 'pass', '', ''),
(1749, 3, 173, 'AY2022_23', 62, 'pass', '', ''),
(1750, 4, 173, 'AY2022_23', 73, 'pass', '', ''),
(1751, 31, 173, 'AY2022_23', 62, 'pass', '', ''),
(1752, 6, 173, 'AY2022_23', 71, 'pass', '', ''),
(1753, 8, 173, 'AY2023_24', 54, 'pass', '', ''),
(1754, 9, 173, 'AY2023_24', 55, 'pass', '', ''),
(1755, 10, 173, 'AY2023_24', 55, 'pass', '', ''),
(1756, 30, 173, 'AY2023_24', 74, 'pass', '', ''),
(1757, 11, 173, 'AY2023_24', 60, 'pass', '', ''),
(1758, 1, 174, 'AY2022_23', 24, 'fail', '40', 'pass capped'),
(1759, 12, 174, 'AY2022_23', 60, 'pass', '', ''),
(1760, 2, 174, 'AY2022_23', 49, 'pass', '', ''),
(1761, 13, 174, 'AY2022_23', 23, 'fail', '29', 'fail'),
(1762, 4, 174, 'AY2022_23', 32, 'fail', '45', 'pass capped'),
(1763, 6, 174, 'AY2022_23', 41, 'pass', '', ''),
(1764, 13, 174, 'AY2023_24', 43, 'pass capped', '', ''),
(1765, 8, 174, 'AY2023_24', 26, 'fail', '0', 'absent'),
(1766, 9, 174, 'AY2023_24', 27, 'fail', '30', 'fail'),
(1767, 10, 174, 'AY2023_24', 20, 'fail', '26', 'fail'),
(1768, 30, 174, 'AY2023_24', 58, 'pass', '', ''),
(1769, 11, 174, 'AY2023_24', 64, 'pass', '', ''),
(1770, 14, 175, 'AY2020_21', 62, 'pass', '', ''),
(1771, 15, 175, 'AY2020_21', 54, 'pass', '', ''),
(1772, 59, 175, 'AY2020_21', 52, 'pass', '', ''),
(1773, 16, 175, 'AY2021_22', 55, 'pass', '', ''),
(1774, 40, 175, 'AY2021_22', 64, 'pass', '', ''),
(1775, 18, 175, 'AY2021_22', 52, 'pass', '', ''),
(1776, 1, 175, 'AY2020_21', 42, 'pass', '', ''),
(1777, 20, 175, 'AY2020_21', 57, 'pass', '', ''),
(1778, 21, 175, 'AY2021_22', 45, 'pass', '', ''),
(1779, 22, 175, 'AY2021_22', 40, 'pass', '', ''),
(1780, 11, 175, 'AY2021_22', 55, 'pass', '', ''),
(1781, 14, 176, 'AY2022_23', 72, 'pass', '', ''),
(1782, 15, 176, 'AY2022_23', 64, 'pass', '', ''),
(1783, 29, 176, 'AY2022_23', 68, 'pass', '', ''),
(1784, 88, 176, 'AY2023_24', 51, 'pass', '', ''),
(1785, 18, 176, 'AY2023_24', 0, 'excused', '67', 'pass'),
(1786, 41, 176, 'AY2023_24', 58, 'pass', '', ''),
(1787, 1, 176, 'AY2022_23', 68, 'pass', '', ''),
(1788, 20, 176, 'AY2022_23', 68, 'pass', '', ''),
(1789, 21, 176, 'AY2023_24', 85, 'pass', '', ''),
(1790, 22, 176, 'AY2023_24', 88, 'pass', '', ''),
(1791, 11, 176, 'AY2023_24', 67, 'pass', '', ''),
(1792, 14, 177, 'AY2023_24', 42, 'pass', '', ''),
(1793, 15, 177, 'AY2023_24', 68, 'pass', '', ''),
(1794, 19, 177, 'AY23_24', 51, 'pass', '', ''),
(1795, 1, 177, 'AY2023_24', 43, 'pass', '', ''),
(1796, 20, 177, 'AY2023_24', 20, 'fail', '42', 'pass capped'),
(1797, 1, 178, 'AY2021_22', 59, 'pass', '', ''),
(1798, 12, 178, 'AY2021_22', 62, 'pass', '', ''),
(1799, 2, 178, 'AY2021_22', 69, 'pass', '', ''),
(1800, 13, 178, 'AY2021_22', 61, 'pass', '', ''),
(1801, 4, 178, 'AY2021_22', 55, 'pass', '', ''),
(1802, 6, 178, 'AY2021_22', 57, 'pass', '', ''),
(1803, 7, 178, 'AY2022_23', 54, 'pass', '', ''),
(1804, 8, 178, 'AY2022_23', 36, 'fail', '48', 'pass capped'),
(1805, 9, 178, 'AY2022_23', 13, 'fail', '43', 'pass capped'),
(1806, 11, 178, 'AY2022_23', 68, 'pass', '', ''),
(1807, 110, 178, 'AY2022_23', 51, 'pass', '', ''),
(1808, 1, 179, 'AY2022_23', 73, 'pass', '', ''),
(1809, 2, 179, 'AY2022_23', 84, 'pass', '', ''),
(1810, 3, 179, 'AY2022_23', 78, 'pass', '', ''),
(1811, 4, 179, 'AY2022_23', 67, 'pass', '', ''),
(1812, 5, 179, 'AY2022_23', 91, 'pass', '', ''),
(1813, 6, 179, 'AY2022_23', 87, 'pass', '', ''),
(1814, 8, 179, 'AY2023_24', 78, 'pass', '', ''),
(1815, 9, 179, 'AY2023_24', 98, 'pass', '', ''),
(1816, 10, 179, 'AY2023_24', 83, 'pass', '', ''),
(1817, 30, 179, 'AY2023_24', 72, 'pass', '', ''),
(1818, 11, 179, 'AY2023_24', 79, 'pass', '', ''),
(1819, 8, 180, 'AY2022_23', 33, 'fail', '45', 'pass capped'),
(1820, 9, 180, 'AY2022_23', 41, 'pass', '', ''),
(1821, 10, 180, 'AY2022_23', 40, 'pass', '', ''),
(1822, 11, 180, 'AY2022_23', 44, 'pass', '', ''),
(1823, 45, 180, 'AY2022_23', 31, 'fail', '0', 'excused'),
(1824, 14, 181, 'AY2019_20', 56, 'pass', '', ''),
(1825, 15, 181, 'AY2019_20', 52, 'pass', '', ''),
(1826, 29, 181, 'AY2019_20', 51, 'pass', '', ''),
(1827, 16, 181, 'AY2020_21', 0, 'absent', '54', 'pass capped'),
(1828, 88, 181, 'AY2020_21', 0, 'absent', '0', 'absent'),
(1829, 18, 181, 'AY2020_21', 0, 'absent', '47', 'pass capped'),
(1830, 1, 181, 'AY2019_20', 62, 'pass', '', ''),
(1831, 20, 181, 'AY2019_20', 70, 'pass', '', ''),
(1832, 67, 181, 'AY2020_21', 72, 'pass', '', ''),
(1833, 21, 181, 'AY2020_21', 58, 'pass', '', ''),
(1834, 22, 181, 'AY2020_21', 27, 'fail', '56', 'pass capped'),
(1835, 68, 181, 'AY2020_21', 70, 'pass', '', ''),
(1836, 1, 182, 'AY2023_24', 40, 'pass', '', ''),
(1837, 12, 182, 'AY2023_24', 51, 'pass', '', ''),
(1838, 2, 182, 'AY2023_24', 46, 'pass', '', ''),
(1839, 13, 182, 'AY2023_24', 31, 'fail', '43', 'pass capped'),
(1840, 31, 182, 'AY2023_24', 54, 'pass', '', ''),
(1841, 6, 182, 'AY2023_24', 45, 'pass', '', ''),
(1842, 14, 183, 'AY2020_21', 68, 'pass', '', ''),
(1843, 15, 183, 'AY2020_21', 61, 'pass', '', ''),
(1844, 16, 183, 'AY2021_22', 0, 'excused', '60', 'pass'),
(1845, 40, 183, 'AY2021_22', 61, 'pass', '', ''),
(1846, 18, 183, 'AY2021_22', 0, 'excused', '61', 'pass'),
(1847, 1, 183, 'AY2020_21', 70, 'pass', '', ''),
(1848, 20, 183, 'AY2020_21', 83, 'pass', '', ''),
(1849, 21, 183, 'AY2021_22', 56, 'pass', '', ''),
(1850, 22, 183, 'AY2021_22', 40, 'pass', '', ''),
(1851, 11, 183, 'AY2021_22', 64, 'pass', '', ''),
(1852, 19, 183, 'AY20_21', 66, 'pass', '', ''),
(1853, 14, 184, 'AY2021_22', 61, 'pass', '', ''),
(1854, 15, 184, 'AY2021_22', 58, 'pass', '', ''),
(1855, 29, 184, 'AY2021_22', 55, 'pass', '', ''),
(1856, 16, 184, 'AY2022_23', 53, 'pass', '', ''),
(1857, 88, 184, 'AY2022_23', 58, 'pass', '', ''),
(1858, 18, 184, 'AY2022_23', 47, 'pass', '', ''),
(1859, 1, 184, 'AY2021_22', 0, 'excused', '35', 'fail'),
(1860, 20, 184, 'AY2021_22', 56, 'pass', '', ''),
(1861, 1, 184, 'AY2022_23', 45, 'pass capped', '', ''),
(1862, 21, 184, 'AY2022_23', 64, 'pass', '', ''),
(1863, 22, 184, 'AY2022_23', 70, 'pass', '', ''),
(1864, 11, 184, 'AY2022_23', 66, 'pass', '', ''),
(1865, 8, 185, 'AY2023_24', 50, 'pass', '', ''),
(1866, 8, 186, 'AY2023_24', 50, 'pass', '', ''),
(1867, 9, 185, 'AY2023_24', 50, 'pass', '', ''),
(1868, 9, 186, 'AY2023_24', 50, 'pass', '', ''),
(1869, 10, 185, 'AY2023_24', 87, 'pass', '', ''),
(1870, 10, 186, 'AY2023_24', 87, 'pass', '', ''),
(1871, 30, 185, 'AY2023_24', 84, 'pass', '', ''),
(1872, 30, 186, 'AY2023_24', 84, 'pass', '', ''),
(1873, 11, 185, 'AY2023_24', 81, 'pass', '', ''),
(1874, 11, 186, 'AY2023_24', 81, 'pass', '', ''),
(1875, 14, 187, 'AY2021_22', 62, 'pass', '', ''),
(1876, 15, 187, 'AY2021_22', 59, 'pass', '', ''),
(1877, 17, 187, 'AY2023_24', 49, 'pass', '', ''),
(1878, 18, 187, 'AY2023_24', 0, 'absent', '64', 'pass'),
(1879, 41, 187, 'AY2023_24', 0, 'absent', '60', 'pass capped'),
(1880, 1, 187, 'AY2021_22', 35, 'fail', '50', 'pass capped'),
(1881, 20, 187, 'AY2021_22', 31, 'fail', '20', 'fail'),
(1882, 19, 187, 'AY21_22', 61, 'pass', '', ''),
(1883, 20, 187, 'AY2022_23', 41, 'pass capped', '', ''),
(1884, 21, 187, 'AY2023_24', 45, 'pass', '', ''),
(1885, 22, 187, 'AY2023_24', 16, 'fail', '44', 'pass capped'),
(1886, 11, 187, 'AY2023_24', 78, 'pass', '', ''),
(1887, 1, 188, 'AY2021_22', 88, 'pass', '', ''),
(1888, 12, 188, 'AY2021_22', 77, 'pass', '', ''),
(1889, 2, 188, 'AY2021_22', 81, 'pass', '', ''),
(1890, 13, 188, 'AY2021_22', 72, 'pass', '', ''),
(1891, 4, 188, 'AY2021_22', 65, 'pass', '', ''),
(1892, 6, 188, 'AY2021_22', 69, 'pass', '', ''),
(1893, 8, 188, 'AY2022_23', 68, 'pass', '', ''),
(1894, 9, 188, 'AY2022_23', 0, 'excused', '54', 'pass'),
(1895, 10, 188, 'AY2022_23', 0, 'excused', '55', 'pass'),
(1896, 30, 188, 'AY2022_23', 0, 'excused', '0', 'excused'),
(1897, 11, 188, 'AY2022_23', 67, 'pass', '', ''),
(1898, 30, 188, 'AY2023_24', 62, 'pass', '', ''),
(1899, 14, 189, 'AY2023_24', 0, 'absent', '0', 'absent'),
(1900, 15, 189, 'AY2023_24', 0, 'absent', '26', 'fail'),
(1901, 29, 189, 'AY2023_24', 0, 'absent', '25', 'fail'),
(1902, 1, 189, 'AY2023_24', 0, 'absent', '0', 'absent'),
(1903, 20, 189, 'AY2023_24', 0, 'absent', '0', 'fail'),
(1904, 1, 190, 'AY2021_22', 66, 'pass', '', ''),
(1905, 2, 190, 'AY2021_22', 79, 'pass', '', ''),
(1906, 3, 190, 'AY2021_22', 88, 'pass', '', ''),
(1907, 4, 190, 'AY2021_22', 76, 'pass', '', ''),
(1908, 5, 190, 'AY2021_22', 72, 'pass', '', ''),
(1909, 6, 190, 'AY2021_22', 87, 'pass', '', ''),
(1910, 7, 190, 'AY2022_23', 88, 'pass', '', ''),
(1911, 8, 190, 'AY2022_23', 71, 'pass', '', ''),
(1912, 9, 190, 'AY2022_23', 81, 'pass', '', ''),
(1913, 10, 190, 'AY2022_23', 84, 'pass', '', ''),
(1914, 11, 190, 'AY2022_23', 77, 'pass', '', ''),
(1915, 14, 191, 'AY2023_24', 41, 'pass', '', ''),
(1916, 15, 191, 'AY2023_24', 60, 'pass', '', ''),
(1917, 59, 191, 'AY2023_24', 55, 'pass', '', ''),
(1918, 1, 191, 'AY2023_24', 31, 'fail', '46', 'pass capped'),
(1919, 20, 191, 'AY2023_24', 55, 'pass', '', ''),
(1920, 1, 192, 'AY2020_21', 20, 'fail', '77', 'pass capped'),
(1921, 12, 192, 'AY2020_21', 57, 'pass', '', ''),
(1922, 2, 192, 'AY2020_21', 47, 'pass', '', ''),
(1923, 13, 192, 'AY2020_21', 0, 'excused', '24', 'fail'),
(1924, 5, 192, 'AY2020_21', 50, 'pass', '', ''),
(1925, 6, 192, 'AY2020_21', 27, 'fail', '53', 'pass capped'),
(1926, 13, 192, 'AY2021_22', 2, 'fail', '0', 'absent'),
(1927, 7, 192, 'AY2021_22', 0, 'absent', '33', 'fail'),
(1928, 8, 192, 'AY2021_22', 67, 'pass', '', ''),
(1929, 9, 192, 'AY2021_22', 4, 'fail', '0', 'absent'),
(1930, 10, 192, 'AY2021_22', 0, 'absent', '0', 'absent'),
(1931, 11, 192, 'AY2021_22', 60, 'pass', '', ''),
(1932, 13, 192, 'AY2022_23', 0, 'absent', '45', 'pass capped'),
(1933, 7, 192, 'AY2022_23', 19, 'fail', '31', 'fail'),
(1934, 9, 192, 'AY2022_23', 0, 'absent', '0', 'absent'),
(1935, 10, 192, 'AY2022_23', 0, 'absent', '0', 'absent'),
(1936, 1, 193, 'AY2021_22', 72, 'pass', '', ''),
(1937, 2, 193, 'AY2021_22', 67, 'pass', '', ''),
(1938, 3, 193, 'AY2021_22', 69, 'pass', '', ''),
(1939, 4, 193, 'AY2021_22', 70, 'pass', '', ''),
(1940, 5, 193, 'AY2021_22', 74, 'pass', '', ''),
(1941, 6, 193, 'AY2021_22', 61, 'pass', '', ''),
(1942, 8, 193, 'AY2022_23', 73, 'pass', '', ''),
(1943, 9, 193, 'AY2022_23', 66, 'pass', '', ''),
(1944, 10, 193, 'AY2022_23', 73, 'pass', '', ''),
(1945, 30, 193, 'AY2022_23', 79, 'pass', '', ''),
(1946, 11, 193, 'AY2022_23', 83, 'pass', '', ''),
(1947, 1, 194, 'AY2021_22', 79, 'pass', '', ''),
(1948, 2, 194, 'AY2021_22', 74, 'pass', '', ''),
(1949, 3, 194, 'AY2021_22', 83, 'pass', '', ''),
(1950, 4, 194, 'AY2021_22', 81, 'pass', '', ''),
(1951, 5, 194, 'AY2021_22', 78, 'pass', '', ''),
(1952, 6, 194, 'AY2021_22', 93, 'pass', '', ''),
(1953, 7, 194, 'AY2022_23', 0, 'excused', '81', 'pass'),
(1954, 8, 194, 'AY2022_23', 62, 'pass', '', ''),
(1955, 9, 194, 'AY2022_23', 79, 'pass', '', ''),
(1956, 10, 194, 'AY2022_23', 82, 'pass', '', ''),
(1957, 11, 194, 'AY2022_23', 78, 'pass', '', ''),
(1958, 1, 195, 'AY2021_22', 55, 'pass', '', ''),
(1959, 12, 195, 'AY2021_22', 53, 'pass', '', ''),
(1960, 2, 195, 'AY2021_22', 69, 'pass', '', ''),
(1961, 13, 195, 'AY2021_22', 40, 'pass', '', ''),
(1962, 4, 195, 'AY2021_22', 42, 'pass', '', ''),
(1963, 6, 195, 'AY2021_22', 46, 'pass', '', ''),
(1964, 7, 195, 'AY2022_23', 50, 'pass', '', ''),
(1965, 8, 195, 'AY2022_23', 65, 'pass', '', ''),
(1966, 9, 195, 'AY2022_23', 6, 'fail', '1', 'fail'),
(1967, 10, 195, 'AY2022_23', 13, 'fail', '35', 'fail'),
(1968, 11, 195, 'AY2022_23', 72, 'pass', '', ''),
(1969, 14, 196, 'AY2021_22', 66, 'pass', '', ''),
(1970, 15, 196, 'AY2021_22', 60, 'pass', '', ''),
(1971, 59, 196, 'AY2021_22', 0, 'fail', '57', 'pass'),
(1972, 16, 196, 'AY2022_23', 56, 'pass', '', ''),
(1973, 88, 196, 'AY2022_23', 59, 'pass', '', ''),
(1974, 18, 196, 'AY2022_23', 52, 'pass', '', ''),
(1975, 1, 196, 'AY2021_22', 45, 'pass', '', ''),
(1976, 20, 196, 'AY2021_22', 35, 'fail', '60', 'pass capped'),
(1977, 21, 196, 'AY2022_23', 65, 'pass', '', ''),
(1978, 22, 196, 'AY2022_23', 40, 'pass', '', ''),
(1979, 11, 196, 'AY2022_23', 74, 'pass', '', ''),
(1984, 1, 2, 'AY2021_22', 70, 'pass', '', '');

-- --------------------------------------------------------

--
-- Table structure for table `group_messages`
--

CREATE TABLE `group_messages` (
  `group_message_id` int(11) NOT NULL,
  `admin_id` int(11) NOT NULL,
  `module_id` int(11) NOT NULL,
  `subject` varchar(255) NOT NULL,
  `message` text NOT NULL,
  `date` datetime NOT NULL DEFAULT CURRENT_TIMESTAMP
) ENGINE=InnoDB DEFAULT CHARSET=utf8;

--
-- Dumping data for table `group_messages`
--

INSERT INTO `group_messages` (`group_message_id`, `admin_id`, `module_id`, `subject`, `message`, `date`) VALUES
(1, 1, 1, 'Module assessment 1 upcoming', 'Hi all,\r\n\r\nA quick note to say our first assessment will be AT MIDNIGHT TONIGHT - Be there.', '2025-03-29 23:55:08'),
(2, 1, 1, 'Full module lateness', 'It\'s getting very late now!!', '2025-03-30 00:09:29'),
(3, 1, 1, 'TEsssssttt', 'THis is another test', '2025-04-07 18:48:09'),
(4, 2, 9, 'We found another plus', 'Hi all in C++ Programming,\r\nJust to note that after much research, we have found another \"+\" to be added to the language.\r\nHenceforth, we will be studying C+++. Many thanks and don\'t let this worry you, but everything you learned is now obsolete.\r\n\r\nThanks,\r\nJim', '2025-04-09 11:07:59'),
(5, 2, 12, 'procedure', 'a message for procedural programming.\r\n\r\nWhat\'s the craic?', '2025-04-09 11:48:02');

-- --------------------------------------------------------

--
-- Table structure for table `individual_messages`
--

CREATE TABLE `individual_messages` (
  `individual_message_id` int(11) NOT NULL,
  `admin_id` int(11) NOT NULL,
  `student_id` int(11) NOT NULL,
  `subject` varchar(255) NOT NULL,
  `message` text NOT NULL,
  `date` datetime NOT NULL DEFAULT CURRENT_TIMESTAMP
) ENGINE=InnoDB DEFAULT CHARSET=utf8;

--
-- Dumping data for table `individual_messages`
--

INSERT INTO `individual_messages` (`individual_message_id`, `admin_id`, `student_id`, `subject`, `message`, `date`) VALUES
(1, 1, 1, 'Test Message', 'I\'m testing this message. It\'s stored in the database. It\'s a direct message to YOU!', '2025-03-29 21:18:40'),
(2, 1, 1, 'First test from Site', 'this is the first message sent from the website\r\n', '2025-03-29 21:18:40'),
(3, 1, 1, 'Assignment late - again!!', 'Your assignment is late again, why do you even bother!?', '2025-03-29 21:18:40'),
(4, 1, 2, 'Computer Club Meeting', 'You haven\'t attended computer club meetings all month, everything ok?', '2025-03-29 21:25:11'),
(5, 1, 1, 'Down time from study', 'Where are we going for drinks tomorrow?', '2025-03-29 21:48:01'),
(6, 1, 1, 'Yet another', 'Another message', '2025-03-29 22:10:09'),
(7, 1, 1, 'Late night', 'It\'s late!', '2025-03-30 00:09:07'),
(8, 1, 1, 'Testing this now', 'Hello this is a test', '2025-04-07 19:00:39'),
(9, 1, 8, 'Indiv Message', 'This is an Individual message for Melissa\r\n\r\nThank you,\r\nBye', '2025-04-08 23:08:42'),
(10, 1, 8, 'For Mel', 'This is an individual message for Melissa\r\n\r\nThank you,\r\nBye', '2025-04-08 23:12:55'),
(11, 1, 7, 'Hi Nicole', 'This is a message for Nicole\r\n\r\nBye bye', '2025-04-08 23:15:05'),
(14, 1, 16, 'Brown, Kevy Brown', 'That\'s the name, don\'t wear it out', '2025-04-08 23:21:27'),
(15, 1, 7, 'Hi Nicole', 'Msg for Nicole\r\n\r\n\r\n\r\nHello!\r\nBye', '2025-04-09 00:37:34'),
(16, 2, 1, 'Hi Ryan', 'Hi Ryan,\r\n\r\nHow are you getting on?\r\n\r\nBye', '2025-04-12 19:18:32');

-- --------------------------------------------------------

--
-- Table structure for table `modules`
--

CREATE TABLE `modules` (
  `module_id` int(11) NOT NULL,
  `subjCode` varchar(255) DEFAULT NULL,
  `subjCatalog` int(11) DEFAULT NULL,
  `moduleTitle` varchar(255) DEFAULT NULL,
  `creditCount` int(11) DEFAULT NULL,
  `semModule` varchar(255) DEFAULT NULL
) ENGINE=InnoDB DEFAULT CHARSET=utf8;

--
-- Dumping data for table `modules`
--

INSERT INTO `modules` (`module_id`, `subjCode`, `subjCatalog`, `moduleTitle`, `creditCount`, `semModule`) VALUES
(1, 'IFSY', 123, 'Database Fundamentals', 20, 'SPR'),
(2, 'IFSY', 126, 'Fundamentals of Comp Sci', 20, 'AUT'),
(3, 'IFSY', 127, 'Programming I', 20, 'AUT'),
(4, 'IFSY', 130, 'Web Technologies', 20, 'SPR'),
(5, 'IFSY', 131, 'Design Patterns in Software', 20, 'SPR'),
(6, 'IFSY', 133, 'System Architecture', 20, 'AUT'),
(7, 'IFSY', 256, 'Systems Security', 20, 'SPR'),
(8, 'IFSY', 258, 'Software Engineering and Development', 40, 'FYR'),
(9, 'IFSY', 259, 'C++ Programming', 20, 'AUT'),
(10, 'IFSY', 260, 'Information Computation', 20, 'SPR'),
(11, 'IFSY', 265, 'Programming for Business Analytics', 20, 'AUT'),
(12, 'IFSY', 125, 'Procedural Programming', 20, 'AUT'),
(13, 'IFSY', 129, 'Object Oriented Programming', 20, 'SPR'),
(14, 'BSAS', 102, 'Fundamentals of Accounting Analysis', 20, 'AUT'),
(15, 'BSAS', 109, 'Organisational Behaviour Analysis', 20, 'AUT'),
(16, 'BSAS', 205, 'Operations Management Data', 20, 'SPR'),
(17, 'BSAS', 213, 'Human Resource Analytics', 20, 'AUT'),
(18, 'BSAS', 219, 'Leading with Statistics', 20, 'SPR'),
(19, 'FINA', 107, 'Economics for Business', 20, 'SPR'),
(20, 'IFSY', 124, 'Programming and Systems', 40, 'FYR'),
(21, 'IFSY', 254, 'HCI Research', 20, 'SPR'),
(22, 'IFSY', 257, 'Modern App Programming', 20, 'AUT'),
(23, 'MECH', 101, 'Mathematics I', 20, 'FYR'),
(24, 'MECH', 104, 'Mechanics I', 20, 'FYR'),
(25, 'MECH', 108, 'Dynamics I', 20, 'FYR'),
(26, 'MECH', 118, 'Fluid Mechanics', 20, 'FYR'),
(27, 'MECH', 127, 'Engineering', 20, 'FYR'),
(28, 'MECH', 134, 'Mechanical Engineering I', 20, 'FYR'),
(29, 'BSAS', 113, 'Leading with Statistics', 20, 'SPR'),
(30, 'IFSY', 262, 'Artificial Intelligent Systems', 20, 'SPR'),
(31, 'IFSY', 132, 'System Security Principles', 20, 'SPR'),
(32, 'NUMS', 101, 'Calculus I', 30, 'FYR'),
(33, 'NUMS', 102, 'Datatypes', 30, 'FYR'),
(34, 'MATA', 121, 'Mathematical Approaches', 10, 'SPR'),
(35, 'NUMS', 210, 'Maths and Employability', 0, 'AUT'),
(36, 'NUMS', 211, 'Algebra', 20, 'AUT'),
(37, 'NUMS', 221, 'Methods and Mathematics', 20, 'SPR'),
(38, 'NUMS', 231, 'Advanced Mechanics', 20, 'AUT'),
(39, 'PMEC', 121, 'Reasoning for Maths', 10, 'AUT'),
(40, 'BSAS', 211, 'International Business Analysis', 20, 'AUT'),
(41, 'BSAS', 227, 'Contemporary Operations', 20, 'SPR'),
(42, 'IFSY', 251, 'Systems Admin and Support', 20, 'AUT'),
(43, 'IFSY', 252, 'Server Side Web Development', 20, 'AUT'),
(44, 'IFSY', 253, 'Introduction to Enterprise Com', 20, 'SPR'),
(45, 'IFSY', 266, 'Networks and Protocols', 20, 'SPR'),
(46, 'SOUN', 130, 'Audio Mixing Approaches', 10, 'SPR'),
(47, 'SOUN', 101, 'Creative Music', 20, 'SPR'),
(48, 'SOUN', 112, 'Composition II', 20, 'SPR'),
(49, 'SOUN', 233, 'Experimental Sounds', 20, 'AUT'),
(50, 'SOUN', 213, 'Systems and Interactivity', 20, 'AUT'),
(51, 'SOUN', 105, 'Composition I', 20, 'AUT'),
(52, 'SOUN', 102, 'Music Fundamentals', 20, 'FYR'),
(53, 'SOUN', 136, 'Synthesis of Sound', 10, 'SPR'),
(54, 'SOUN', 248, 'Production in Live Venues', 20, 'AUT'),
(55, 'SOUN', 252, ' Music Psychology', 20, 'SPR'),
(56, 'SOUN', 255, 'Creative Songwriting', 20, 'FYR'),
(57, 'SOUN', 138, 'Sound Production I', 20, 'AUT'),
(58, 'SOUN', 238, 'Audio Production I', 20, 'SPR'),
(59, 'BSAS', 112, 'Business Analytics', 20, 'SPR'),
(60, 'LEGA', 127, 'Employability and Law', 0, 'FYR'),
(61, 'LEGA', 128, 'Legal Methods', 20, 'AUT'),
(62, 'LEGA', 129, 'Constitutional Studies', 40, 'FYR'),
(63, 'LEGA', 130, 'Fundamentals to Criminal Law', 20, 'FYR'),
(64, 'LEGA', 131, 'Law in Business', 20, 'FYR'),
(65, 'LEGA', 132, 'Legal Studies', 20, 'FYR'),
(66, 'IFSY', 128, 'Advanced Computer Science', 20, 'SPR'),
(67, 'IFSY', 211, 'Computing Practice', 10, 'FYR'),
(68, 'IFSY', 264, 'Transferrable Skills for IT', 10, 'AUT'),
(69, 'IFSY', 234, 'Professional Experience', 120, 'FYR'),
(70, 'BSAS', 101, 'Introductory to Finance Theory', 20, 'AUT'),
(71, 'BSAS', 103, 'Introductory Statistics in Management', 20, 'SPR'),
(72, 'BSAS', 105, 'Legal Data Fundamentals', 20, 'AUT'),
(73, 'FINA', 109, 'Quantitative Research', 20, 'SPR'),
(74, 'FINA', 113, 'Economy Analysis', 40, 'FYR'),
(75, 'SMAT', 199, 'Mathematics', 0, 'FYR'),
(76, 'ECIV', 110, 'Surveying I', 20, 'FYR'),
(77, 'ECIV', 115, 'Mathematical Foundations', 20, 'FYR'),
(78, 'ECIV', 117, 'Introduction to Solids and Structures', 20, 'FYR'),
(79, 'ECIV', 118, 'Construction Practices', 20, 'FYR'),
(80, 'ECIV', 121, 'Hydraulics', 20, 'FYR'),
(81, 'ECIV', 122, 'Communication and Design', 20, 'FYR'),
(82, 'ECIV', 217, 'Advanced Geotechnics', 20, 'FYR'),
(83, 'ECIV', 218, 'Hydraulics II', 20, 'FYR'),
(84, 'ECIV', 262, 'Mechanics and Structures', 20, 'FYR'),
(85, 'ECIV', 264, 'Communications and Design II', 20, 'FYR'),
(86, 'ECIV', 265, 'Coding and Maths II', 20, 'FYR'),
(87, 'ECIV', 266, 'Practical Infrastructure', 20, 'FYR'),
(88, 'BSAS', 209, 'Data and Statistics', 20, 'AUT'),
(89, 'SCIE', 111, 'Physics Foundations', 20, 'AUT'),
(90, 'SCIE', 112, 'Computational Approaches', 20, 'AUT'),
(91, 'SCIE', 113, 'Physics I', 20, 'AUT'),
(92, 'SCIE', 122, 'Foundations in Physics II', 20, 'SPR'),
(93, 'SCIE', 124, 'Computational Modelling', 20, 'SPR'),
(94, 'SCIE', 126, 'Physics and Maths', 20, 'SPR'),
(95, 'IFSY', 109, 'Software Engineering Fundamentals', 20, 'SPR'),
(96, 'IFSY', 117, 'Reasoning for Problem Solving', 20, 'AUT'),
(97, 'IFSY', 118, 'Fnd of Computing Systems', 40, 'FYR'),
(98, 'IFSY', 120, 'Programming', 40, 'FYR'),
(99, 'IFSY', 242, 'Information Modelling', 10, 'AUT'),
(100, 'IFSY', 239, 'Architecture and Networks', 10, 'SPR'),
(101, 'IFSY', 240, 'Data Structures Algorithms PL', 30, 'FYR'),
(102, 'IFSY', 244, 'Software Development', 30, 'FYR'),
(103, 'IFSY', 247, 'Theory of Computation', 30, 'FYR'),
(104, 'MIND', 108, 'Psychology Fundamentals', 40, 'FYR'),
(105, 'MIND', 109, 'Methods in Psychology', 40, 'FYR'),
(106, 'MIND', 110, 'Psychology I', 40, 'FYR'),
(107, 'IFSY', 261, 'Networks and Architecture', 20, 'SPR'),
(108, 'NUMS', 111, 'Algebra Foundations', 30, 'FYR'),
(109, 'STAT', 120, 'Probability & Statistics I', 30, 'FYR'),
(110, 'IFSY', 263, 'Service-Oriented Programming', 20, 'SPR');

-- --------------------------------------------------------

--
-- Table structure for table `progrules`
--

CREATE TABLE `progrules` (
  `progrule_id` int(11) NOT NULL,
  `subjCode` varchar(255) NOT NULL,
  `year_level` int(11) NOT NULL,
  `min_pass` int(11) NOT NULL,
  `min_average` int(11) NOT NULL,
  `req_credits` int(11) NOT NULL,
  `req_modules` varchar(255) NOT NULL
) ENGINE=InnoDB DEFAULT CHARSET=utf8;

--
-- Dumping data for table `progrules`
--

INSERT INTO `progrules` (`progrule_id`, `subjCode`, `year_level`, `min_pass`, `min_average`, `req_credits`, `req_modules`) VALUES
(5, 'IFSY', 1, 40, 40, 100, ''),
(6, 'MECH', 2, 40, 45, 120, ''),
(8, 'IFSY', 2, 40, 40, 120, 'IFSY259,IFSY240'),
(9, 'BSAS', 1, 40, 40, 100, ''),
(10, 'BSAS', 2, 40, 40, 120, 'IFSY257');

-- --------------------------------------------------------

--
-- Table structure for table `students`
--

CREATE TABLE `students` (
  `student_id` int(11) NOT NULL,
  `sId` varchar(255) DEFAULT NULL,
  `lastName` varchar(255) DEFAULT NULL,
  `firstName` varchar(255) DEFAULT NULL,
  `statusStudy` varchar(255) DEFAULT NULL,
  `entryLevel` varchar(255) DEFAULT NULL,
  `primary_email` varchar(355) NOT NULL,
  `secondary_email` varchar(355) NOT NULL,
  `profile_image` varchar(500) NOT NULL,
  `password` varchar(255) NOT NULL,
  `progression_success` tinyint(1) NOT NULL DEFAULT '0',
  `progression_message` varchar(500) NOT NULL DEFAULT 'progression decision not set'
) ENGINE=InnoDB DEFAULT CHARSET=utf8;

--
-- Dumping data for table `students`
--

INSERT INTO `students` (`student_id`, `sId`, `lastName`, `firstName`, `statusStudy`, `entryLevel`, `primary_email`, `secondary_email`, `profile_image`, `password`, `progression_success`, `progression_message`) VALUES
(1, '22-IFSY-0933003', 'Adams', 'Ryan', 'F', 'L1', 'r.adams544@uniport.ie', 'yaboyryan@yahoo.ie', 'https://static.tvmaze.com/uploads/images/medium_portrait/71/179111.jpg', 'HLHG', 1, 'Progress to Final Year'),
(2, '20-IFSY-1902170', 'Alexander', 'Stephanie', 'F', 'L1', 's.alexander450@uniport.ie', 'stephanie613@outlook.com', 'https://static.tvmaze.com/uploads/images/medium_portrait/54/136753.jpg', 'IXPE', 0, 'Progress requirements not met. Contact Advisor of Studies'),
(3, '21-BSAS-1323142', 'Allen', 'Kevin', 'F', 'L1', 'k.allen619@uniport.ie', 'kevin484@gmail.com', 'stockstudent1.jpg', 'DFOC', 0, 'All compulsory modules must be passed before progression'),
(4, '23-BSAS-3094319', 'Alvarez', 'Justin', 'F', 'L1', 'j.alvarez745@uniport.ie', 'justin784@gmail.com', 'stockstudent1.jpg', 'YIXK', 1, 'Progress to Year 2'),
(5, '21-BSAS-2403230', 'Anderson', 'Elizabeth', 'F', 'L1', 'e.anderson869@uniport.ie', 'elizabeth540@gmail.com', 'https://static.tvmaze.com/uploads/images/medium_portrait/54/136753.jpg', 'KURC', 1, 'Progress to Year 2'),
(6, '22-IFSY-9693909', 'Arnold', 'Brandon', 'F', 'L1', 'b.arnold110@uniport.ie', 'brandon203@yahoo.com', 'https://static.tvmaze.com/uploads/images/medium_portrait/195/488839.jpg', 'MDFO', 0, 'All Year 1 modules must be passed before progression to Final Year'),
(7, '23-IFSY-5054595', 'Bailey', 'Nicole', 'F', 'L1', 'n.bailey945@uniport.ie', 'nicole481@yahoo.com', 'stockstudent1.jpg', 'HSRF', 1, 'Progress to Year 2'),
(8, '22-IFSY-0713051', 'Baker', 'Melissa', 'F', 'L1', 'm.baker393@uniport.ie', 'melissa33@yahoo.com', 'stockstudent1.jpg', 'AOTA', 1, 'Progress to Final Year'),
(9, '21-IFSY-9263906', 'Barnes', 'Ryan', 'F', 'L1', 'r.barnes134@uniport.ie', 'ryan671@outlook.com', 'stockstudent1.jpg', 'UYHQ', 0, 'All compulsory modules must be passed before progression'),
(10, '22-IFSY-3643394', 'Bell', 'Hannah', 'F', 'L1', 'h.bell488@uniport.ie', 'hannah792@gmail.com', 'stockstudent1.jpg', 'ITSK', 1, 'Progress to Final Year'),
(11, '21-IFSY-9523982', 'Bennett', 'Katherine', 'F', 'L2', 'k.bennett40@uniport.ie', 'katherine804@gmail.com', 'stockstudent1.jpg', 'VAMJ', 1, 'Progress to Final Year'),
(12, '21-IFSY-2493249', 'Black', 'William', 'F', 'L1', 'w.black738@uniport.ie', 'william155@outlook.com', 'stockstudent1.jpg', 'JTQA', 0, 'Progress requirements not met. Contact Advisor of Studies'),
(13, '23-IFSY-9323992', 'Boyd', 'Nicole', 'F', 'L1', 'n.boyd571@uniport.ie', 'hereisnicole@protonmail.com', 'https://static.tvmaze.com/uploads/images/medium_portrait/77/194957.jpg', 'DOJG', 1, 'Progress to Year 2'),
(14, '20-IFSY-7992779', 'Bradley', 'Katherine', 'F', 'L1', 'k.bradley639@uniport.ie', 'katherine590@outlook.com', 'stockstudent1.jpg', 'CTKW', 0, 'All Year 1 modules must be passed before progression to Final Year'),
(15, '20-IFSY-9922952', 'Brooks', 'Angela', 'F', 'L1', 'a.brooks484@uniport.ie', 'angela955@yahoo.com', 'stockstudent1.jpg', 'DBWE', 0, 'Progress requirements not met. Contact Advisor of Studies'),
(16, '20-IFSY-0023082', 'Brown', 'Kevin', 'F', 'L1', 'k.brown504@uniport.ie', 'kevin512@yahoo.com', 'stockstudent1.jpg', 'IBKT', 0, 'Progress requirements not met. Contact Advisor of Studies'),
(17, '22-BSAS-6703640', 'Bryant', 'Lauren', 'F', 'L1', 'l.bryant67@uniport.ie', 'lauren220@yahoo.com', 'stockstudent1.jpg', 'MHWP', 0, 'Progress requirements not met. Contact Advisor of Studies'),
(18, '22-BSAS-3733333', 'Burns', 'Ryan', 'F', 'L1', 'r.burns824@uniport.ie', 'ryan813@outlook.com', 'stockstudent1.jpg', 'IYPE', 0, 'Progress requirements not met. Contact Advisor of Studies'),
(19, '21-IFSY-6243634', 'Butler', 'Brandon', 'F', 'L1', 'b.butler919@uniport.ie', 'brandon152@yahoo.com', 'stockstudent1.jpg', 'EFRR', 0, 'All compulsory modules must be passed before progression'),
(20, '23-BSAS-6114631', 'Campbell', 'Elizabeth', 'F', 'L1', 'e.campbell125@uniport.ie', 'elizabeth187@yahoo.com', 'stockstudent1.jpg', 'HLIK', 1, 'Progress to Year 2'),
(21, '21-IFSY-0343024', 'Carter', 'Elizabeth', 'F', 'L1', 'e.carter866@uniport.ie', 'elizabeth878@outlook.com', 'stockstudent1.jpg', 'AXJD', 0, 'Progress requirements not met. Contact Advisor of Studies'),
(22, '23-BSAS-7064726', 'Castillo', 'Brandon', 'F', 'L1', 'b.castillo956@uniport.ie', 'brandon199@yahoo.com', 'stockstudent1.jpg', 'RWKI', 1, 'Progress to Year 2'),
(23, '21-IFSY-9293959', 'Castro', 'Hannah', 'F', 'L1', 'h.castro185@uniport.ie', 'hannah222@yahoo.com', 'stockstudent1.jpg', 'KBAZ', 0, 'All Year 1 modules must be passed before progression to Final Year'),
(24, '22-IFSY-4653435', 'Chavez', 'Ryan', 'F', 'L1', 'r.chavez57@uniport.ie', 'ryan450@outlook.com', 'stockstudent1.jpg', 'UASP', 1, 'Progress to Final Year'),
(25, '20-IFSY-2942214', 'Clark', 'Brian', 'F', 'L1', 'b.clark728@uniport.ie', 'brian7@gmail.com', 'stockstudent1.jpg', 'UCFU', 0, 'All compulsory modules must be passed before progression'),
(26, '21-IFSY-4533433', 'Cole', 'Lauren', 'F', 'L1', 'l.cole471@uniport.ie', 'lauren467@outlook.com', 'stockstudent1.jpg', 'IEZK', 1, 'Progress to Final Year'),
(27, '20-BSAS-7023772', 'Coleman', 'Nicole', 'F', 'L1', 'n.coleman173@uniport.ie', 'nicole751@gmail.com', 'stockstudent1.jpg', 'CGXU', 0, 'Progress requirements not met. Contact Advisor of Studies'),
(28, '22-IFSY-1823192', 'Cook', 'Stephanie', 'F', 'L1', 's.cook453@uniport.ie', 'stephanie290@outlook.com', 'stockstudent1.jpg', 'HCQY', 1, 'Progress to Final Year'),
(29, '23-IFSY-3074397', 'Cooper', 'Brandon', 'F', 'L1', 'b.cooper747@uniport.ie', 'brandon155@yahoo.com', 'stockstudent1.jpg', 'RNRT', 1, 'Progress to Year 2'),
(30, '23-IFSY-9234933', 'Cox', 'Angela', 'F', 'L2', 'a.cox374@uniport.ie', 'angela574@gmail.com', 'stockstudent1.jpg', 'USFX', 1, 'Progress to Final Year'),
(31, '21-IFSY-0343074', 'Crawford', 'Tyler', 'F', 'L1', 't.crawford630@uniport.ie', 'tyler45@outlook.com', 'stockstudent1.jpg', 'UIFB', 0, 'Progress requirements not met. Contact Advisor of Studies'),
(32, '21-BSAS-7982738', 'Cruz', 'Joseph', 'F', 'L1', 'j.cruz28@uniport.ie', 'joseph160@yahoo.com', 'stockstudent1.jpg', 'REXA', 1, 'Progress to Final Year'),
(33, '21-IFSY-8283898', 'Cunningham', 'Joseph', 'F', 'L1', 'j.cunningham249@uniport.ie', 'joseph618@yahoo.com', 'stockstudent1.jpg', 'LAXJ', 0, 'Progress requirements not met. Contact Advisor of Studies'),
(34, '21-IFSY-9253945', 'Daniels', 'Joseph', 'F', 'L1', 'j.daniels165@uniport.ie', 'joseph153@gmail.com', 'stockstudent1.jpg', 'CLYH', 1, 'Progress to Final Year'),
(35, '21-IFSY-3413311', 'Davis', 'Jessica', 'F', 'L1', 'j.davis76@uniport.ie', 'jessica417@yahoo.com', 'stockstudent1.jpg', 'RNOE', 0, 'All compulsory modules must be passed before progression'),
(36, '21-IFSY-3293369', 'Dixon', 'Nicole', 'F', 'L1', 'n.dixon886@uniport.ie', 'nicole96@outlook.com', 'stockstudent1.jpg', 'EJJQ', 0, 'All compulsory modules must be passed before progression'),
(37, '22-IFSY-0603070', 'Doyle', 'Brandon', 'F', 'L1', 'b.doyle205@uniport.ie', 'brandon428@outlook.com', 'stockstudent1.jpg', 'FAMK', 1, 'Progress to Final Year'),
(38, '22-IFSY-4673497', 'Dunn', 'Andrew', 'F', 'L1', 'a.dunn365@uniport.ie', 'andrew676@yahoo.com', 'stockstudent1.jpg', 'PVGU', 1, 'Progress to Final Year'),
(39, '20-BSAS-5932523', 'Edwards', 'Ryan', 'F', 'L1', 'r.edwards211@uniport.ie', 'ryan586@yahoo.com', 'stockstudent1.jpg', 'FQOW', 0, 'Progress requirements not met. Contact Advisor of Studies'),
(40, '22-IFSY-8923852', 'Elliott', 'Victoria', 'F', 'L1', 'v.elliott959@uniport.ie', 'victoria607@yahoo.com', 'stockstudent1.jpg', 'RTUQ', 1, 'Progress to Year 2'),
(41, '22-IFSY-3723322', 'Ellis', 'Nicole', 'F', 'L1', 'n.ellis163@uniport.ie', 'nicole801@yahoo.com', 'stockstudent1.jpg', 'UBAU', 1, 'Progress to Year 2'),
(42, '21-IFSY-4253425', 'Evans', 'Tyler', 'F', 'L1', 't.evans937@uniport.ie', 'tyler740@gmail.com', 'stockstudent1.jpg', 'APZD', 1, 'Progress to Year 2'),
(43, '23-BSAS-0983068', 'Ferguson', 'Joseph', 'F', 'L1', 'j.ferguson199@uniport.ie', 'joseph842@yahoo.com', 'stockstudent1.jpg', 'RZXP', 1, 'Progress to Year 2'),
(44, '22-BSAS-8733863', 'Fernandez', 'Andrew', 'F', 'L1', 'a.fernandez183@uniport.ie', 'andrew4@outlook.com', 'stockstudent1.jpg', 'GKGE', 0, 'All Year 1 modules must be passed before progression to Final Year'),
(45, '21-IFSY-5333573', 'Fisher', 'Brandon', 'F', 'L1', 'b.fisher317@uniport.ie', 'brandon637@yahoo.com', 'stockstudent1.jpg', 'ZLGY', 0, 'Progress requirements not met. Contact Advisor of Studies'),
(46, '23-BSAS-5044524', 'Fleming', 'Stephanie', 'F', 'L1', 's.fleming37@uniport.ie', 'stephanie831@outlook.com', 'stockstudent1.jpg', 'AFCS', 1, 'Progress to Year 2'),
(47, '21-IFSY-9233923', 'Ford', 'Megan', 'F', 'L1', 'm.ford237@uniport.ie', 'megan312@yahoo.com', 'stockstudent1.jpg', 'HIUW', 1, 'Progress to Final Year'),
(48, '20-IFSY-9972927', 'Foster', 'Daniel', 'F', 'L1', 'd.foster73@uniport.ie', 'daniel584@gmail.com', 'stockstudent1.jpg', 'CUSD', 1, 'Progress to Year 2'),
(49, '21-IFSY-6912671', 'Fox', 'Angela', 'F', 'L1', 'a.fox654@uniport.ie', 'angela862@yahoo.com', 'stockstudent1.jpg', 'OLOK', 1, 'Progress to Final Year'),
(50, '23-BSAS-9024922', 'Freeman', 'Amanda', 'F', 'L1', 'a.freeman50@uniport.ie', 'amanda573@outlook.com', 'stockstudent1.jpg', 'HIRM', 1, 'Progress to Year 2'),
(51, '22-IFSY-2713211', 'Garcia', 'Kevin', 'F', 'L1', 'k.garcia291@uniport.ie', 'kevin628@yahoo.com', 'stockstudent1.jpg', 'IGEE', 1, 'Progress to Final Year'),
(52, '20-IFSY-8962856', 'Gardner', 'Justin', 'F', 'L1', 'j.gardner305@uniport.ie', 'justin745@yahoo.com', 'stockstudent1.jpg', 'IFZG', 0, 'Progress requirements not met. Contact Advisor of Studies'),
(53, '21-IFSY-0373067', 'Gibson', 'Lauren', 'F', 'L1', 'l.gibson654@uniport.ie', 'lauren706@outlook.com', 'stockstudent1.jpg', 'JDOH', 1, 'Progress to Final Year'),
(54, '20-IFSY-3962366', 'Gomez', 'Nicole', 'F', 'L1', 'n.gomez355@uniport.ie', 'nicole358@gmail.com', 'stockstudent1.jpg', 'WLPQ', 1, 'Progress to Year 2'),
(55, '21-BSAS-3263346', 'Gonzales', 'Megan', 'F', 'L1', 'm.gonzales813@uniport.ie', 'megan144@yahoo.com', 'stockstudent1.jpg', 'ITWB', 0, 'All compulsory modules must be passed before progression'),
(56, '20-IFSY-0023062', 'Gonzalez', 'David', 'F', 'L1', 'd.gonzalez999@uniport.ie', 'david867@yahoo.com', 'stockstudent1.jpg', 'PXRS', 0, 'All compulsory modules must be passed before progression'),
(57, '21-BSAS-3393349', 'Gordon', 'Justin', 'F', 'L1', 'j.gordon558@uniport.ie', 'justin488@gmail.com', 'stockstudent1.jpg', 'LEMX', 0, 'All compulsory modules must be passed before progression'),
(58, '23-BSAS-0024092', 'Graham', 'Stephanie', 'F', 'L1', 's.graham793@uniport.ie', 'stephanie534@outlook.com', 'stockstudent1.jpg', 'BRDP', 1, 'Progress to Year 2'),
(59, '22-IFSY-2873297', 'Grant', 'Samuel', 'F', 'L2', 's.grant293@uniport.ie', 'samuel755@yahoo.com', 'stockstudent1.jpg', 'ROVK', 0, 'All compulsory modules must be passed before progression'),
(60, '21-BSAS-6323602', 'Green', 'Joshua', 'F', 'L1', 'j.green85@uniport.ie', 'joshua23@gmail.com', 'stockstudent1.jpg', 'MIBL', 0, 'Progress requirements not met. Contact Advisor of Studies'),
(61, '21-IFSY-0273087', 'Griffin', 'Tyler', 'F', 'L1', 't.griffin546@uniport.ie', 'tyler805@yahoo.com', 'stockstudent1.jpg', 'XIVD', 1, 'Progress to Final Year'),
(62, '23-IFSY-9044924', 'Gutierrez', 'Megan', 'F', 'L1', 'm.gutierrez474@uniport.ie', 'megan940@yahoo.com', 'stockstudent1.jpg', 'GWNA', 1, 'Progress to Year 2'),
(63, '23-BSAS-4024402', 'Hall', 'Ashley', 'F', 'L1', 'a.hall735@uniport.ie', 'ashley478@gmail.com', 'stockstudent1.jpg', 'OSVB', 1, 'Progress to Year 2'),
(64, '23-IFSY-3024392', 'Hamilton', 'Elizabeth', 'F', 'L1', 'e.hamilton251@uniport.ie', 'elizabeth170@outlook.com', 'stockstudent1.jpg', 'WBRE', 1, 'Progress to Year 2'),
(65, '19-IFSY-9592949', 'Hansen', 'Nicole', 'F', 'L1', 'n.hansen54@uniport.ie', 'nicole971@gmail.com', 'stockstudent1.jpg', 'VSYS', 1, 'Progress to Final Year'),
(66, '20-IFSY-0163016', 'Harris', 'Mike', 'F', 'L1', 'm.harris515@uniport.ie', 'mike474@gmail.com', 'stockstudent1.jpg', 'RHJA', 1, 'Progress to Final Year'),
(67, '22-IFSY-1683148', 'Harrison', 'Tyler', 'F', 'L1', 't.harrison416@uniport.ie', 'tyler273@outlook.com', 'stockstudent1.jpg', 'ZVFO', 0, 'All compulsory modules must be passed before progression'),
(68, '21-IFSY-8273887', 'Hart', 'Angela', 'F', 'L1', 'a.hart535@uniport.ie', 'angela779@gmail.com', 'stockstudent1.jpg', 'FICL', 1, 'Progress to Final Year'),
(69, '22-BSAS-9663926', 'Hawkins', 'Andrew', 'F', 'L1', 'a.hawkins426@uniport.ie', 'andrew260@outlook.com', 'stockstudent1.jpg', 'WAOS', 1, 'Progress to Final Year'),
(70, '22-IFSY-4633433', 'Hayes', 'Elizabeth', 'F', 'L1', 'e.hayes526@uniport.ie', 'elizabeth876@yahoo.com', 'stockstudent1.jpg', 'YOXV', 0, 'All compulsory modules must be passed before progression'),
(71, '21-BSAS-4333483', 'Henderson', 'Justin', 'F', 'L1', 'j.henderson353@uniport.ie', 'justin51@outlook.com', 'stockstudent1.jpg', 'NAPY', 0, 'Progress requirements not met. Contact Advisor of Studies'),
(72, '22-IFSY-3653305', 'Henry', 'Ryan', 'F', 'L1', 'r.henry185@uniport.ie', 'ryan429@gmail.com', 'stockstudent1.jpg', 'VKNK', 0, 'Progress requirements not met. Contact Advisor of Studies'),
(73, '20-IFSY-7023712', 'Hernandez', 'Amanda', 'F', 'L1', 'a.hernandez869@uniport.ie', 'amanda719@outlook.com', 'stockstudent1.jpg', 'JRFA', 1, 'Progress to Final Year'),
(74, '22-BSAS-8343874', 'Herrera', 'Andrew', 'F', 'L1', 'a.herrera790@uniport.ie', 'andrew25@yahoo.com', 'stockstudent1.jpg', 'ORUV', 0, 'Progress requirements not met. Contact Advisor of Studies'),
(75, '21-IFSY-8243874', 'Hicks', 'Justin', 'F', 'L1', 'j.hicks345@uniport.ie', 'justin631@yahoo.com', 'stockstudent1.jpg', 'THFE', 1, 'Progress to Final Year'),
(76, '21-IFSY-8393839', 'Hoffman', 'Joseph', 'F', 'L1', 'j.hoffman355@uniport.ie', 'joseph810@yahoo.com', 'stockstudent1.jpg', 'FNXB', 1, 'Progress to Final Year'),
(77, '20-IFSY-6932683', 'Holmes', 'Justin', 'F', 'L1', 'j.holmes742@uniport.ie', 'justin804@outlook.com', 'stockstudent1.jpg', 'OPJB', 1, 'Progress to Final Year'),
(78, '22-IFSY-2343224', 'Hudson', 'Tyler', 'F', 'L1', 't.hudson645@uniport.ie', 'tyler440@yahoo.com', 'stockstudent1.jpg', 'CHEB', 1, 'Progress to Final Year'),
(79, '23-BSAS-8094859', 'Hughes', 'Katherine', 'F', 'L1', 'k.hughes997@uniport.ie', 'katherine534@gmail.com', 'stockstudent1.jpg', 'UUQR', 1, 'Progress to Year 2'),
(80, '21-IFSY-8323862', 'Hunt', 'Andrew', 'F', 'L1', 'a.hunt53@uniport.ie', 'andrew513@outlook.com', 'stockstudent1.jpg', 'MKPS', 0, 'All compulsory modules must be passed before progression'),
(81, '22-BSAS-3653395', 'Hunter', 'Justin', 'F', 'L1', 'j.hunter273@uniport.ie', 'justin20@gmail.com', 'stockstudent1.jpg', 'UXBN', 0, 'All compulsory modules must be passed before progression'),
(82, '21-IFSY-3303370', 'Jackson', 'Melissa', 'F', 'L1', 'm.jackson206@uniport.ie', 'melissa325@outlook.com', 'stockstudent1.jpg', 'MVUJ', 0, 'Progress requirements not met. Contact Advisor of Studies'),
(83, '23-BSAS-1983108', 'Jenkins', 'Elizabeth', 'F', 'L1', 'e.jenkins214@uniport.ie', 'elizabeth604@gmail.com', 'stockstudent1.jpg', 'LFQQ', 1, 'Progress to Year 2'),
(84, '20-IFSY-6043614', 'Jimenez', 'Joshua', 'F', 'L2', 'j.jimenez452@uniport.ie', 'joshua331@outlook.com', 'stockstudent1.jpg', 'EAOT', 0, 'Progress requirements not met. Contact Advisor of Studies'),
(85, '20-BSAS-5003500', 'Johnson', 'David', 'F', 'L1', 'd.johnson620@uniport.ie', 'david547@gmail.com', 'stockstudent1.jpg', 'AWFM', 0, 'All compulsory modules must be passed before progression'),
(86, '23-IFSY-1004190', 'Jones', 'Matthew', 'F', 'L1', 'm.jones741@uniport.ie', 'matthew276@yahoo.com', 'stockstudent1.jpg', 'UNGR', 1, 'Progress to Year 2'),
(87, '20-IFSY-2952225', 'Jordan', 'Joshua', 'F', 'L1', 'j.jordan847@uniport.ie', 'joshua154@yahoo.com', 'stockstudent1.jpg', 'PYWO', 1, 'Progress to Final Year'),
(88, '22-IFSY-7563766', 'Kelley', 'Andrew', 'F', 'L1', 'a.kelley12@uniport.ie', 'andrew915@gmail.com', 'stockstudent1.jpg', 'DBVX', 1, 'Progress to Final Year'),
(89, '22-IFSY-4923452', 'Kelly', 'Katherine', 'F', 'L2', 'k.kelly520@uniport.ie', 'katherine335@gmail.com', 'stockstudent1.jpg', 'EBVA', 1, 'Progress to Final Year'),
(90, '22-BSAS-1733183', 'Kennedy', 'Hannah', 'F', 'L1', 'h.kennedy563@uniport.ie', 'hannah129@yahoo.com', 'stockstudent1.jpg', 'OTZU', 0, 'All compulsory modules must be passed before progression'),
(91, '23-IFSY-0044094', 'Kim', 'Brandon', 'F', 'L1', 'b.kim255@uniport.ie', 'brandon547@yahoo.com', 'stockstudent1.jpg', 'XDXG', 0, 'Progress requirements not met. Contact Advisor of Studies'),
(92, '22-BSAS-0723032', 'King', 'Brian', 'F', 'L1', 'b.king589@uniport.ie', 'brian321@yahoo.com', 'stockstudent1.jpg', 'LNFM', 0, 'All compulsory modules must be passed before progression'),
(93, '22-IFSY-3893399', 'Knight', 'Victoria', 'F', 'L1', 'v.knight179@uniport.ie', 'victoria954@outlook.com', 'stockstudent1.jpg', 'TIKZ', 0, 'Progress requirements not met. Contact Advisor of Studies'),
(94, '23-BSAS-6014651', 'Lane', 'Joshua', 'F', 'L1', 'j.lane127@uniport.ie', 'joshua633@gmail.com', 'stockstudent1.jpg', 'RMKN', 0, 'Progress requirements not met. Contact Advisor of Studies'),
(95, '22-BSAS-3703380', 'Le', 'William', 'F', 'L1', 'w.le99@uniport.ie', 'william870@outlook.com', 'stockstudent1.jpg', 'IEXY', 0, 'All compulsory modules must be passed before progression'),
(96, '15-IFSY-0561036', 'Lee', 'Joshua', 'F', 'L1', 'j.lee114@uniport.ie', 'joshua519@gmail.com', 'stockstudent1.jpg', 'AFZG', 1, 'Progress to Final Year'),
(97, '21-BSAS-0253065', 'Lewis', 'Ryan', 'F', 'L1', 'r.lewis276@uniport.ie', 'ryan857@gmail.com', 'stockstudent1.jpg', 'HSQD', 1, 'Progress to Final Year'),
(98, '20-BSAS-9912981', 'Long', 'Alexander', 'F', 'L1', 'a.long37@uniport.ie', 'alexander613@outlook.com', 'stockstudent1.jpg', 'VPPD', 0, 'All compulsory modules must be passed before progression'),
(99, '21-BSAS-0333083', 'Lopez', 'Melissa', 'F', 'L1', 'm.lopez356@uniport.ie', 'melissa829@yahoo.com', 'stockstudent1.jpg', 'XANL', 0, 'All Year 1 modules must be passed before progression to Final Year'),
(100, '23-IFSY-6124652', 'Marshall', 'Brandon', 'F', 'L1', 'b.marshall670@uniport.ie', 'brandon824@outlook.com', 'stockstudent1.jpg', 'TJNP', 0, 'Progress requirements not met. Contact Advisor of Studies'),
(101, '21-IFSY-0283038', 'Martin', 'Kevin', 'F', 'L1', 'k.martin281@uniport.ie', 'kevin542@yahoo.com', 'stockstudent1.jpg', 'JZYR', 1, 'Progress to Final Year'),
(102, '19-IFSY-5662536', 'Martinez', 'John', 'F', 'L1', 'j.martinez397@uniport.ie', 'john145@outlook.com', 'stockstudent1.jpg', 'NPJD', 0, 'Progress requirements not met. Contact Advisor of Studies'),
(103, '21-IFSY-4253495', 'Mason', 'Nicole', 'F', 'L1', 'n.mason143@uniport.ie', 'nicole965@gmail.com', 'stockstudent1.jpg', 'MCYN', 1, 'Progress to Final Year'),
(104, '22-IFSY-4633443', 'Mcdonald', 'Brandon', 'F', 'L1', 'b.mcdonald526@uniport.ie', 'brandon511@gmail.com', 'stockstudent1.jpg', 'RWHW', 1, 'Progress to Final Year'),
(105, '22-IFSY-0693089', 'Medina', 'Joseph', 'F', 'L1', 'j.medina199@uniport.ie', 'joseph35@gmail.com', 'stockstudent1.jpg', 'KMGS', 0, 'Progress requirements not met. Contact Advisor of Studies'),
(106, '23-BSAS-9004970', 'Mendoza', 'Stephanie', 'F', 'L1', 's.mendoza418@uniport.ie', 'stephanie67@outlook.com', 'stockstudent1.jpg', 'XIZZ', 1, 'Progress to Year 2'),
(107, '21-IFSY-7333783', 'Meyer', 'Hannah', 'F', 'L1', 'h.meyer495@uniport.ie', 'hannah926@outlook.com', 'stockstudent1.jpg', 'VIBI', 0, 'Progress requirements not met. Contact Advisor of Studies'),
(108, '22-IFSY-1713101', 'Miller', 'Amanda', 'F', 'L1', 'a.miller219@uniport.ie', 'amanda314@yahoo.com', 'stockstudent1.jpg', 'MMZK', 0, 'All compulsory modules must be passed before progression'),
(109, '22-IFSY-9743924', 'Mills', 'Justin', 'F', 'L1', 'j.mills611@uniport.ie', 'justin115@yahoo.com', 'stockstudent1.jpg', 'AYQK', 1, 'Progress to Final Year'),
(110, '23-BSAS-7004710', 'Mitchell', 'Megan', 'F', 'L1', 'm.mitchell398@uniport.ie', 'megan752@gmail.com', 'stockstudent1.jpg', 'CHEA', 1, 'Progress to Year 2'),
(111, '20-IFSY-5043554', 'Moore', 'Ashley', 'F', 'L1', 'a.moore157@uniport.ie', 'ashley186@gmail.com', 'stockstudent1.jpg', 'MJJU', 0, 'All Year 1 modules must be passed before progression to Final Year'),
(112, '19-IFSY-8382888', 'Morales', 'Victoria', 'F', 'L1', 'v.morales593@uniport.ie', 'victoria764@outlook.com', 'stockstudent1.jpg', 'XAMJ', 1, 'Progress to Final Year'),
(113, '23-BSAS-7034773', 'Moreno', 'Katherine', 'F', 'L1', 'k.moreno494@uniport.ie', 'katherine390@outlook.com', 'stockstudent1.jpg', 'IPZC', 1, 'Progress to Year 2'),
(114, '21-BSAS-9343934', 'Morgan', 'Tyler', 'F', 'L1', 't.morgan691@uniport.ie', 'tyler569@yahoo.com', 'stockstudent1.jpg', 'PQIU', 0, 'Progress requirements not met. Contact Advisor of Studies'),
(115, '22-BSAS-5703520', 'Morris', 'Stephanie', 'F', 'L1', 's.morris973@uniport.ie', 'stephanie989@yahoo.com', 'stockstudent1.jpg', 'ZOVK', 0, 'All Year 1 modules must be passed before progression to Final Year'),
(116, '18-IFSY-8122892', 'Murphy', 'Megan', 'F', 'L1', 'm.murphy794@uniport.ie', 'megan776@gmail.com', 'stockstudent1.jpg', 'OPFJ', 1, 'Progress to Final Year'),
(117, '20-IFSY-9902900', 'Murray', 'Elizabeth', 'F', 'L1', 'e.murray53@uniport.ie', 'elizabeth131@yahoo.com', 'stockstudent1.jpg', 'FXYX', 0, 'All Year 1 modules must be passed before progression to Final Year'),
(118, '21-BSAS-8293869', 'Myers', 'Katherine', 'F', 'L1', 'k.myers881@uniport.ie', 'katherine449@yahoo.com', 'stockstudent1.jpg', 'VHAI', 0, 'Progress requirements not met. Contact Advisor of Studies'),
(119, '22-IFSY-0703040', 'Nelson', 'Lauren', 'F', 'L1', 'l.nelson248@uniport.ie', 'lauren408@yahoo.com', 'stockstudent1.jpg', 'LFTD', 1, 'Progress to Final Year'),
(120, '21-IFSY-5293589', 'Nichols', 'Justin', 'F', 'L1', 'j.nichols596@uniport.ie', 'justin553@gmail.com', 'stockstudent1.jpg', 'JLCG', 0, 'Progress requirements not met. Contact Advisor of Studies'),
(121, '23-IFSY-4770417', 'Olson', 'Stephanie', 'F', 'L1', 's.olson235@uniport.ie', 'stephanie697@gmail.com', 'stockstudent1.jpg', 'XUHA', 1, 'Progress to Year 2'),
(122, '22-BSAS-0763026', 'Ortiz', 'Stephanie', 'F', 'L1', 's.ortiz391@uniport.ie', 'stephanie273@outlook.com', 'stockstudent1.jpg', 'FANN', 0, 'Progress requirements not met. Contact Advisor of Studies'),
(123, '21-IFSY-3343374', 'Owens', 'Brandon', 'F', 'L1', 'b.owens249@uniport.ie', 'brandon937@outlook.com', 'stockstudent1.jpg', 'ANMY', 1, 'Progress to Final Year'),
(124, '21-IFSY-5373537', 'Palmer', 'William', 'F', 'L1', 'w.palmer73@uniport.ie', 'william653@outlook.com', 'stockstudent1.jpg', 'HPEC', 0, 'Progress requirements not met. Contact Advisor of Studies'),
(125, '20-IFSY-2640254', 'Parker', 'Elizabeth', 'F', 'L1', 'e.parker619@uniport.ie', 'elizabeth965@gmail.com', 'stockstudent1.jpg', 'WANP', 0, 'Progress requirements not met. Contact Advisor of Studies'),
(126, '22-IFSY-4153485', 'Patel', 'Daniel', 'F', 'L2', 'd.patel877@uniport.ie', 'daniel111@yahoo.com', 'stockstudent1.jpg', 'LJMH', 0, 'All Year 1 modules must be passed before progression to Final Year'),
(127, '21-IFSY-0942004', 'Patterson', 'Justin', 'F', 'L1', 'j.patterson529@uniport.ie', 'justin487@gmail.com', 'stockstudent1.jpg', 'BKWA', 1, 'Progress to Final Year'),
(128, '21-BSAS-3962396', 'Payne', 'Joseph', 'F', 'L1', 'j.payne12@uniport.ie', 'joseph292@gmail.com', 'stockstudent1.jpg', 'OTAV', 0, 'All compulsory modules must be passed before progression'),
(129, '20-BSAS-0772027', 'Perez', 'Amanda', 'F', 'L1', 'a.perez475@uniport.ie', 'amanda167@yahoo.com', 'stockstudent1.jpg', 'EKJT', 1, 'Progress to Final Year'),
(130, '19-IFSY-0612011', 'Perez', 'Amanda', 'F', 'L1', 'a.perez341@uniport.ie', 'amanda294@yahoo.com', 'stockstudent1.jpg', 'OOED', 0, 'Progress requirements not met. Contact Advisor of Studies'),
(131, '21-IFSY-7223792', 'Perry', 'Tyler', 'F', 'L1', 't.perry279@uniport.ie', 'tyler67@outlook.com', 'stockstudent1.jpg', 'GSYL', 1, 'Progress to Final Year'),
(132, '21-IFSY-7523792', 'Peters', 'Abigail', 'F', 'L2', 'a.peters374@uniport.ie', 'abigail462@gmail.com', 'stockstudent1.jpg', 'LXEF', 1, 'Progress to Final Year'),
(133, '20-BSAS-0902060', 'Phillips', 'Justin', 'F', 'L1', 'j.phillips34@uniport.ie', 'justin310@gmail.com', 'stockstudent1.jpg', 'LOPE', 1, 'Progress to Final Year'),
(134, '22-IFSY-4673477', 'Pierce', 'Joseph', 'F', 'L1', 'j.pierce48@uniport.ie', 'joseph741@gmail.com', 'stockstudent1.jpg', 'DFQN', 0, 'All compulsory modules must be passed before progression'),
(135, '19-IFSY-6832683', 'Porter', 'Lauren', 'F', 'L1', 'l.porter137@uniport.ie', 'lauren298@outlook.com', 'stockstudent1.jpg', 'SAYR', 0, 'Progress requirements not met. Contact Advisor of Studies'),
(136, '22-BSAS-8663896', 'Powell', 'Victoria', 'F', 'L1', 'v.powell541@uniport.ie', 'victoria209@gmail.com', 'stockstudent1.jpg', 'NQNU', 0, 'All compulsory modules must be passed before progression'),
(137, '21-BSAS-9273977', 'Price', 'Samuel', 'F', 'L1', 's.price295@uniport.ie', 'samuel790@yahoo.com', 'stockstudent1.jpg', 'JJWD', 0, 'All compulsory modules must be passed before progression'),
(138, '20-IFSY-6033693', 'Ramos', 'Ryan', 'F', 'L1', 'r.ramos854@uniport.ie', 'ryan560@yahoo.com', 'stockstudent1.jpg', 'DEOH', 0, 'All compulsory modules must be passed before progression'),
(139, '23-IFSY-9004990', 'Reed', 'Stephanie', 'F', 'L1', 's.reed383@uniport.ie', 'stephanie506@outlook.com', 'stockstudent1.jpg', 'ROTB', 1, 'Progress to Year 2'),
(140, '19-IFSY-8672887', 'Reyes', 'William', 'F', 'L1', 'w.reyes353@uniport.ie', 'william379@outlook.com', 'stockstudent1.jpg', 'BEQR', 1, 'Progress to Final Year'),
(141, '22-BSAS-0653015', 'Reynolds', 'Brandon', 'F', 'L1', 'b.reynolds616@uniport.ie', 'brandon708@outlook.com', 'stockstudent1.jpg', 'JYNV', 1, 'Progress to Final Year'),
(142, '22-BSAS-2653285', 'Rice', 'Samuel', 'F', 'L1', 's.rice23@uniport.ie', 'samuel440@gmail.com', 'stockstudent1.jpg', 'MAQE', 1, 'Progress to Final Year'),
(143, '23-IFSY-3034373', 'Richards', 'Ryan', 'F', 'L1', 'r.richards269@uniport.ie', 'ryan64@gmail.com', 'stockstudent1.jpg', 'WWSZ', 1, 'Progress to Year 2'),
(144, '21-IFSY-7303760', 'Roberts', 'Brian', 'F', 'L1', 'b.roberts274@uniport.ie', 'brian258@gmail.com', 'stockstudent1.jpg', 'VBYK', 0, 'All compulsory modules must be passed before progression'),
(145, '21-BSAS-5383528', 'Robertson', 'Stephanie', 'F', 'L1', 's.robertson564@uniport.ie', 'stephanie329@outlook.com', 'stockstudent1.jpg', 'GBMI', 1, 'Progress to Final Year'),
(146, '22-BSAS-4803450', 'Robinson', 'Brian', 'F', 'L1', 'b.robinson997@uniport.ie', 'brian906@outlook.com', 'stockstudent1.jpg', 'DSDN', 0, 'All compulsory modules must be passed before progression'),
(147, '21-IFSY-0233033', 'Rodriguez', 'Melissa', 'F', 'L1', 'm.rodriguez297@uniport.ie', 'melissa607@gmail.com', 'stockstudent1.jpg', 'DELR', 1, 'Progress to Final Year'),
(148, '23-BSAS-0264096', 'Rogers', 'Stephanie', 'F', 'L1', 's.rogers492@uniport.ie', 'stephanie912@gmail.com', 'stockstudent1.jpg', 'ACJO', 1, 'Progress to Year 2'),
(149, '20-BSAS-9023992', 'Romero', 'Stephanie', 'F', 'L1', 's.romero571@uniport.ie', 'stephanie878@gmail.com', 'stockstudent1.jpg', 'RSPV', 1, 'Progress to Final Year'),
(150, '23-IFSY-1583158', 'Rose', 'Katherine', 'F', 'L1', 'k.rose377@uniport.ie', 'katherine476@gmail.com', 'stockstudent1.jpg', 'IEVP', 1, 'Progress to Year 2'),
(151, '20-IFSY-4892469', 'Ross', 'Alexander', 'F', 'L1', 'a.ross173@uniport.ie', 'alexander151@yahoo.com', 'stockstudent1.jpg', 'LOKJ', 0, 'Progress requirements not met. Contact Advisor of Studies'),
(152, '21-IFSY-3373367', 'Ruiz', 'Lauren', 'F', 'L1', 'l.ruiz736@uniport.ie', 'lauren498@yahoo.com', 'stockstudent1.jpg', 'OQPD', 1, 'Progress to Final Year'),
(153, '22-IFSY-7883778', 'Russell', 'Victoria', 'F', 'L2', 'v.russell160@uniport.ie', 'victoria769@gmail.com', 'stockstudent1.jpg', 'UPQK', 0, 'All compulsory modules must be passed before progression'),
(154, '22-IFSY-3593329', 'Ryan', 'Katherine', 'F', 'L1', 'k.ryan593@uniport.ie', 'katherine979@gmail.com', 'stockstudent1.jpg', 'AWIA', 1, 'Progress to Final Year'),
(155, '23-BSAS-0004080', 'Sanchez', 'Melissa', 'F', 'L1', 'm.sanchez485@uniport.ie', 'melissa685@gmail.com', 'stockstudent1.jpg', 'CKUU', 1, 'Progress to Year 2'),
(156, '19-BSAS-9762906', 'Schmidt', 'Nicole', 'F', 'L1', 'n.schmidt649@uniport.ie', 'nicole206@outlook.com', 'stockstudent1.jpg', 'NEKN', 1, 'Progress to Final Year'),
(157, '23-IFSY-8034803', 'Schneider', 'Ryan', 'F', 'L1', 'r.schneider787@uniport.ie', 'ryan180@yahoo.com', 'stockstudent1.jpg', 'HYUF', 1, 'Progress to Year 2'),
(158, '21-BSAS-1243154', 'Scott', 'Kevin', 'F', 'L1', 'k.scott992@uniport.ie', 'kevin829@yahoo.com', 'stockstudent1.jpg', 'PLKR', 0, 'Progress requirements not met. Contact Advisor of Studies'),
(159, '21-BSAS-0293099', 'Shaw', 'Stephanie', 'F', 'L1', 's.shaw598@uniport.ie', 'stephanie483@yahoo.com', 'stockstudent1.jpg', 'FZHL', 0, 'Progress requirements not met. Contact Advisor of Studies'),
(160, '23-BSAS-6134603', 'Simmons', 'Tyler', 'F', 'L1', 't.simmons14@uniport.ie', 'tyler284@yahoo.com', 'stockstudent1.jpg', 'KQZA', 1, 'Progress to Year 2'),
(161, '22-BSAS-3703380', 'Simmons', 'William', 'F', 'L1', 'w.simmons279@uniport.ie', 'william669@yahoo.com', 'stockstudent1.jpg', 'ESDL', 0, 'All compulsory modules must be passed before progression'),
(162, '21-IFSY-2343234', 'Simpson', 'Tyler', 'F', 'L1', 't.simpson352@uniport.ie', 'tyler878@yahoo.com', 'stockstudent1.jpg', 'XCUR', 0, 'All compulsory modules must be passed before progression'),
(163, '23-BSAS-0104030', 'Smith', 'Emily', 'F', 'L1', 'e.smith923@uniport.ie', 'emily235@gmail.com', 'stockstudent1.jpg', 'YSSM', 1, 'Progress to Year 2'),
(164, '21-IFSY-3353325', 'Snyder', 'Ryan', 'F', 'L1', 'r.snyder560@uniport.ie', 'ryan581@gmail.com', 'stockstudent1.jpg', 'GTBA', 0, 'All compulsory modules must be passed before progression'),
(165, '21-BSAS-9373937', 'Spencer', 'Andrew', 'F', 'L1', 'a.spencer32@uniport.ie', 'andrew925@gmail.com', 'stockstudent1.jpg', 'WGSV', 0, 'All compulsory modules must be passed before progression'),
(166, '23-BSAS-7084788', 'Stephens', 'Nicole', 'F', 'L1', 'n.stephens481@uniport.ie', 'nicole357@gmail.com', 'stockstudent1.jpg', 'YHPD', 1, 'Progress to Year 2'),
(167, '21-BSAS-4333493', 'Stevens', 'Tyler', 'F', 'L1', 't.stevens308@uniport.ie', 'tyler469@gmail.com', 'stockstudent1.jpg', 'UQTU', 1, 'Progress to Final Year'),
(168, '22-IFSY-7084748', 'Stewart', 'Ashley', 'F', 'L1', 'a.stewart99@uniport.ie', 'ashley692@outlook.com', 'stockstudent1.jpg', 'TKTQ', 1, 'Progress to Year 2'),
(169, '21-IFSY-5273577', 'Stone', 'Nicole', 'F', 'L1', 'n.stone571@uniport.ie', 'nicole467@yahoo.com', 'stockstudent1.jpg', 'UCEL', 1, 'Progress to Final Year'),
(170, '19-IFSY-1612171', 'Taylor', 'Joshua', 'F', 'L1', 'j.taylor559@uniport.ie', 'joshua689@yahoo.com', 'stockstudent1.jpg', 'UQUA', 0, 'All compulsory modules must be passed before progression'),
(171, '19-IFSY-2612271', 'Taylor', 'Elizabeth', 'F', 'L1', 'e.taylor84@uniport.ie', 'elizabeth581@outlook.com', 'stockstudent1.jpg', 'TQZX', 0, 'Progress requirements not met. Contact Advisor of Studies'),
(172, '20-IFSY-1932153', 'Thomas', 'Matthew', 'F', 'L1', 'm.thomas741@uniport.ie', 'matthew879@yahoo.com', 'stockstudent1.jpg', 'QNSZ', 0, 'All compulsory modules must be passed before progression'),
(173, '22-IFSY-0603080', 'Thompson', 'Megan', 'F', 'L1', 'm.thompson456@uniport.ie', 'megan695@outlook.com', 'stockstudent1.jpg', 'UZMO', 1, 'Progress to Final Year'),
(174, '22-IFSY-4863436', 'Tran', 'Abigail', 'F', 'L1', 'a.tran57@uniport.ie', 'abigail866@yahoo.com', 'stockstudent1.jpg', 'IZXO', 0, 'Progress requirements not met. Contact Advisor of Studies'),
(175, '20-BSAS-5013551', 'Vasquez', 'Lauren', 'F', 'L1', 'l.vasquez917@uniport.ie', 'lauren569@yahoo.com', 'stockstudent1.jpg', 'CVTI', 1, 'Progress to Final Year'),
(176, '22-BSAS-6623662', 'Wagner', 'Hannah', 'F', 'L1', 'h.wagner414@uniport.ie', 'hannah158@yahoo.com', 'stockstudent1.jpg', 'LEOH', 1, 'Progress to Final Year'),
(177, '23-BSAS-1104180', 'Walker', 'Amanda', 'F', 'L1', 'a.walker318@uniport.ie', 'amanda311@gmail.com', 'stockstudent1.jpg', 'TVYE', 1, 'Progress to Year 2'),
(178, '21-IFSY-3253355', 'Wallace', 'Elizabeth', 'F', 'L1', 'e.wallace350@uniport.ie', 'elizabeth127@yahoo.com', 'stockstudent1.jpg', 'APXS', 0, 'All compulsory modules must be passed before progression'),
(179, '22-IFSY-6873607', 'Warren', 'Nicole', 'F', 'L1', 'n.warren797@uniport.ie', 'nicole338@yahoo.com', 'stockstudent1.jpg', 'WDFN', 1, 'Progress to Final Year'),
(180, '21-IFSY-0493069', 'Washington', 'Nicole', 'F', 'L2', 'n.washington936@uniport.ie', 'nicole607@gmail.com', 'stockstudent1.jpg', 'BQCN', 0, 'Progress requirements not met. Contact Advisor of Studies'),
(181, '19-BSAS-9662906', 'Watson', 'Joseph', 'F', 'L1', 'j.watson288@uniport.ie', 'joseph308@yahoo.com', 'stockstudent1.jpg', 'KKVX', 0, 'All compulsory modules must be passed before progression'),
(182, '22-IFSY-9923922', 'Watson', 'Samuel', 'F', 'L1', 's.watson633@uniport.ie', 'samuel571@outlook.com', 'stockstudent1.jpg', 'CRCN', 1, 'Progress to Year 2'),
(183, '20-BSAS-5962576', 'Weaver', 'Hannah', 'F', 'L1', 'h.weaver300@uniport.ie', 'hannah375@yahoo.com', 'stockstudent1.jpg', 'GSVZ', 1, 'Progress to Final Year'),
(184, '21-BSAS-7043754', 'Webb', 'Stephanie', 'F', 'L1', 's.webb602@uniport.ie', 'stephanie617@gmail.com', 'stockstudent1.jpg', 'MMXA', 1, 'Progress to Final Year'),
(185, '23-IFSY-0923932', 'Wells', 'Melissa', 'F', 'L1', 'm.wells112@uniport.ie', 'melissa264@gmail.com', 'stockstudent1.jpg', 'KZRM', 1, 'Progress to Final Year'),
(186, '23-IFSY-9923932', 'Wells', 'Melissa', 'F', 'L2', 'm.wells755@uniport.ie', 'melissa477@outlook.com', 'stockstudent1.jpg', 'KONY', 1, 'Progress to Final Year'),
(187, '21-BSAS-2343274', 'West', 'Lauren', 'F', 'L1', 'l.west438@uniport.ie', 'lauren546@outlook.com', 'stockstudent1.jpg', 'DUQU', 0, 'All compulsory modules must be passed before progression'),
(188, '21-IFSY-3263306', 'White', 'Amanda', 'F', 'L1', 'a.white925@uniport.ie', 'amanda812@yahoo.com', 'stockstudent1.jpg', 'ATTL', 1, 'Progress to Final Year'),
(189, '23-BSAS-4104400', 'Williams', 'Kevin', 'F', 'L1', 'k.williams310@uniport.ie', 'kevin226@gmail.com', 'stockstudent1.jpg', 'ATTM', 0, 'Progress requirements not met. Contact Advisor of Studies'),
(190, '21-IFSY-2912251', 'Wilson', 'Kevin', 'F', 'L1', 'k.wilson779@uniport.ie', 'kevin591@gmail.com', 'stockstudent1.jpg', 'BYLL', 1, 'Progress to Final Year'),
(191, '23-BSAS-4024462', 'Wolf', 'Elizabeth', 'F', 'L1', 'e.wolf963@uniport.ie', 'elizabeth201@yahoo.com', 'stockstudent1.jpg', 'YIVD', 1, 'Progress to Year 2'),
(192, '20-IFSY-0882098', 'Wood', 'Katherine', 'P', 'L1', 'k.wood481@uniport.ie', 'katherine287@yahoo.com', 'stockstudent1.jpg', 'EMXC', 0, 'Progress requirements not met. Contact Advisor of Studies'),
(193, '21-IFSY-3283328', 'Woods', 'Stephanie', 'F', 'L1', 's.woods517@uniport.ie', 'stephanie542@yahoo.com', 'stockstudent1.jpg', 'RDQV', 1, 'Progress to Final Year'),
(194, '21-IFSY-2403250', 'Wright', 'Brian', 'F', 'L1', 'b.wright141@uniport.ie', 'brian665@outlook.com', 'stockstudent1.jpg', 'FOFI', 1, 'Progress to Final Year'),
(195, '21-IFSY-2333243', 'Young', 'Emily', 'F', 'L1', 'e.young153@uniport.ie', 'emily555@outlook.com', 'stockstudent1.jpg', 'YTYM', 0, 'All compulsory modules must be passed before progression'),
(196, '21-BSAS-4263476', 'Zh', 'Ryan', 'F', 'L1', 'r.zh344@uniport.ie', 'ryan483@gmail.com', 'stockstudent1.jpg', 'PPBP', 1, 'Progress to Final Year');

--
-- Indexes for dumped tables
--

--
-- Indexes for table `admins`
--
ALTER TABLE `admins`
  ADD PRIMARY KEY (`admin_id`);

--
-- Indexes for table `aos_messages`
--
ALTER TABLE `aos_messages`
  ADD PRIMARY KEY (`aos_message_id`),
  ADD KEY `FK_students_student_id3` (`student_id`);

--
-- Indexes for table `enrolments`
--
ALTER TABLE `enrolments`
  ADD PRIMARY KEY (`enrolment_id`),
  ADD UNIQUE KEY `unique_student_module_acadyr` (`student_id`,`module_id`,`acad_Yr`),
  ADD KEY `students_student_id` (`student_id`),
  ADD KEY `FK_modules_module_id` (`module_id`);

--
-- Indexes for table `group_messages`
--
ALTER TABLE `group_messages`
  ADD PRIMARY KEY (`group_message_id`),
  ADD KEY `FK_admins_admin_id2` (`admin_id`),
  ADD KEY `FK_modules_module_id2` (`module_id`);

--
-- Indexes for table `individual_messages`
--
ALTER TABLE `individual_messages`
  ADD PRIMARY KEY (`individual_message_id`),
  ADD KEY `FK_admins_admin_id` (`admin_id`),
  ADD KEY `FK_students_student_id2` (`student_id`);

--
-- Indexes for table `modules`
--
ALTER TABLE `modules`
  ADD PRIMARY KEY (`module_id`),
  ADD UNIQUE KEY `subjCode` (`subjCode`,`subjCatalog`);

--
-- Indexes for table `progrules`
--
ALTER TABLE `progrules`
  ADD PRIMARY KEY (`progrule_id`),
  ADD UNIQUE KEY `unique_subjCode_year_level` (`subjCode`,`year_level`);

--
-- Indexes for table `students`
--
ALTER TABLE `students`
  ADD PRIMARY KEY (`student_id`);

--
-- AUTO_INCREMENT for dumped tables
--

--
-- AUTO_INCREMENT for table `admins`
--
ALTER TABLE `admins`
  MODIFY `admin_id` int(11) NOT NULL AUTO_INCREMENT, AUTO_INCREMENT=3;

--
-- AUTO_INCREMENT for table `aos_messages`
--
ALTER TABLE `aos_messages`
  MODIFY `aos_message_id` int(11) NOT NULL AUTO_INCREMENT, AUTO_INCREMENT=16;

--
-- AUTO_INCREMENT for table `enrolments`
--
ALTER TABLE `enrolments`
  MODIFY `enrolment_id` int(11) NOT NULL AUTO_INCREMENT, AUTO_INCREMENT=1985;

--
-- AUTO_INCREMENT for table `group_messages`
--
ALTER TABLE `group_messages`
  MODIFY `group_message_id` int(11) NOT NULL AUTO_INCREMENT, AUTO_INCREMENT=6;

--
-- AUTO_INCREMENT for table `individual_messages`
--
ALTER TABLE `individual_messages`
  MODIFY `individual_message_id` int(11) NOT NULL AUTO_INCREMENT, AUTO_INCREMENT=17;

--
-- AUTO_INCREMENT for table `modules`
--
ALTER TABLE `modules`
  MODIFY `module_id` int(11) NOT NULL AUTO_INCREMENT, AUTO_INCREMENT=111;

--
-- AUTO_INCREMENT for table `progrules`
--
ALTER TABLE `progrules`
  MODIFY `progrule_id` int(11) NOT NULL AUTO_INCREMENT, AUTO_INCREMENT=11;

--
-- AUTO_INCREMENT for table `students`
--
ALTER TABLE `students`
  MODIFY `student_id` int(11) NOT NULL AUTO_INCREMENT, AUTO_INCREMENT=197;

--
-- Constraints for dumped tables
--

--
-- Constraints for table `aos_messages`
--
ALTER TABLE `aos_messages`
  ADD CONSTRAINT `FK_students_student_id3` FOREIGN KEY (`student_id`) REFERENCES `students` (`student_id`);

--
-- Constraints for table `enrolments`
--
ALTER TABLE `enrolments`
  ADD CONSTRAINT `FK_modules_module_id` FOREIGN KEY (`module_id`) REFERENCES `modules` (`module_id`),
  ADD CONSTRAINT `FK_students_student_id` FOREIGN KEY (`student_id`) REFERENCES `students` (`student_id`);

--
-- Constraints for table `group_messages`
--
ALTER TABLE `group_messages`
  ADD CONSTRAINT `FK_admins_admin_id2` FOREIGN KEY (`admin_id`) REFERENCES `admins` (`admin_id`),
  ADD CONSTRAINT `FK_modules_module_id2` FOREIGN KEY (`module_id`) REFERENCES `modules` (`module_id`);

--
-- Constraints for table `individual_messages`
--
ALTER TABLE `individual_messages`
  ADD CONSTRAINT `FK_admins_admin_id` FOREIGN KEY (`admin_id`) REFERENCES `admins` (`admin_id`),
  ADD CONSTRAINT `FK_students_student_id2` FOREIGN KEY (`student_id`) REFERENCES `students` (`student_id`);

--
-- Constraints for table `progrules`
--
ALTER TABLE `progrules`
  ADD CONSTRAINT `FK_modules_subjCode` FOREIGN KEY (`subjCode`) REFERENCES `modules` (`subjCode`);
COMMIT;

/*!40101 SET CHARACTER_SET_CLIENT=@OLD_CHARACTER_SET_CLIENT */;
/*!40101 SET CHARACTER_SET_RESULTS=@OLD_CHARACTER_SET_RESULTS */;
/*!40101 SET COLLATION_CONNECTION=@OLD_COLLATION_CONNECTION */;
